{"type":"footer","name":"t:global20240603122814.name_403","sections":{"cross-page-promos":{"type":"cross-page-promos","blocks":{"1478526632862":{"type":"icon","settings":{"icon":"star","text":"Waterproof & Tarnish-Free","link_url":""}},"1478526645605":{"type":"icon","settings":{"icon":"leaf","text":"Hypoallergenic & Skin-Safe","link_url":""}},"1478526647261":{"type":"icon","settings":{"icon":"plane","text":"Fast Worldwide Shipping","link_url":""}},"1478527611164":{"type":"icon","settings":{"icon":"award","text":"Lifetime Color Warranty","link_url":""}}},"block_order":["1478526632862","1478526645605","1478526647261","1478527611164"],"disabled":true,"custom_css":[],"settings":{"cross_page_promo_bg":"#ffffff","cross_page_promo_color":"#454564","show_on_home_page":true}},"footer":{"type":"footer","blocks":{"1601308656020":{"type":"newsletter","disabled":true,"settings":{"title":"","text":"<p>Tilmeld dig vores nyhedsbrev og hold dig opdateret om tilbud og nye produkter.<\/p>","button_style":"primary","show_social_icons":false,"soc_icons_large":false}},"menu_NCfxPn":{"type":"menu","settings":{"title":"MENU","menu":"main-menu"}},"menu_t7G4bN":{"type":"menu","settings":{"title":"OUR POLICY","menu":"footer"}},"text_rm9e4h":{"type":"text","settings":{"title":"COMPANY INFORMATION","text":"<p><strong>Contact Information<\/strong><br\/><br\/>Do you have any questions? You are always welcome to contact us:<\/p><p><strong>Store Name:<\/strong> TheOldMoney-Club<br\/><br\/><strong>Phone:<\/strong> +31 614069051<br\/><br\/><strong>Email:<\/strong> <a>info@theoldmoney-club.com<\/a><br\/><br\/><strong>Contact Page:<\/strong> Contact<\/p><p><strong>Postal Address:<\/strong> Randmeerstraat 130, 2162LN, Lisse, Netherlands<br\/><br\/><strong>Chamber of Commerce Number (CVR):<\/strong> 96746203<br\/><br\/><strong>VAT Number:<\/strong> NL253153104B01<\/p><p>We strive to respond to your email within 24 hours.<\/p><p><strong>Customer Service Opening Hours:<\/strong><br\/><br\/>Monday to Friday: 09:00 – 20:00<br\/><br\/>Saturday: 09:00 – 18:00<\/p>","image_width":100,"show_social_icons":false,"soc_icons_large":false,"enable_follow_on_shop":false}}},"block_order":["1601308656020","menu_NCfxPn","menu_t7G4bN","text_rm9e4h"],"settings":{"lower_menu":"","show_powered_by":false,"show_payment_icons":true,"enable_country_selector":false,"enable_language_selector":false}}},"order":["cross-page-promos","footer"]}