{"type":"aside","name":"t:global20240603122814.name_675","sections":{"cart-drawer":{"type":"cart-drawer","settings":{"upsell_product":"shipping-protection-2","show_order_note":false,"show_tax_and_shipping":false,"enable_direct_cart":true,"cart_terms_page":"","show_backorder_text":false,"show_inventory_notice":"low","show_inventory_count":"low","inventory_threshold":10,"show_announcement":false,"announcement_position":"above-items","announcement_text":"Cart announcement text","announcement_icon":"box","announcement_icon_size":"small","announcement_enable_box":true,"announcement_box_color":"#e0f4d5","empty_icon":"basket","empty_heading":"Your cart is empty","empty_text":"","empty_button_text":"Start shopping","empty_button_link":"shopify:\/\/collections\/all","empty_button_style":"primary","empty_enable_custom_colors":false,"empty_color_background":"","empty_color_background_gradient":"","empty_color_text":"","enable_cross_sells":false,"cross_sell_title":"Your Next Obsession","cross_sell_products":[],"enable_automatic_cross_sells":false,"croll_sell_color_scheme":"1"}},"pop-up":{"type":"pop-up","blocks":{"heading":{"type":"heading","settings":{"heading":"Sign up and save","heading_size":"h4"}},"text":{"type":"text","settings":{"text":"<p>Entice customers to sign up for your mailing list with discounts or exclusive offers.<\/p>","text_size":""}},"newsletter-signup":{"type":"newsletter-signup","settings":{"button_style":"primary"}}},"block_order":["heading","text","newsletter-signup"],"disabled":true,"settings":{"trigger":"delay","delay":5,"show_to_guests_only":true,"show_on_mobile":true,"dismiss_days":30,"position":"justify-center items-center","text_align":"text-center","heading_color":"#070707","text_color":"#070707","bg_color":"#ffffff","bg_grad":"","tint_opacity":0}}},"order":["cart-drawer","pop-up"]}