{"sections":{"main":{"type":"main-collection","custom_css":[".utility-bar {display: none;}"],"settings":{"image_position-1":3,"image_position-2":7,"image_position-3":21,"show_title":false,"show_image_behind_heading":true,"heading_image_height":"medium","overlay_style":"shadow","coll_desc_pos":"above","coll_num_per_page_int":24,"grid":4,"show_vendor":false,"show_total":false,"enable_filtering":false,"collapse_tag_sidebar_by_default":false,"collapse_filters_method":"over-12","show_filter_counts":false,"filter_two_columns":false,"button_grid_filter_name":"Size,Taille,Größe","auto_apply_hide_unavailable":false,"enable_sticky_filter":false,"show_sort":false,"sort_show_featured":false,"sort_show_best":false,"sort_show_alpha":false,"sort_show_price":false,"sort_show_date":false,"related_collections":[],"related_collections_style":"buttons","rel_coll_gall_aspect_ratio":"0.8","image_position":"center center","rel_coll_gall_enable_margin":true,"rel_coll_gall_full_width":false,"rel_coll_gall_overlay_style":"full","rel_coll_gall_text_alignment":"center center","rel_coll_grid_mobile":"2"}}},"order":["main"]}