{"sections":{"1748610399f78f242d":{"type":"apps","disabled":true,"settings":{"full_width":true,"show_space":false}},"slideshow_Ewecq7":{"type":"slideshow","blocks":{"image_fdTpA3":{"type":"image","disabled":true,"settings":{"slide_link":"","subheading":"Tell your story","title":"Slide heading","heading_max_width":15,"title_size":84,"title_size_mobile":46,"use_h1":false,"text":"<p>And optional subtext<\/p>","enlarge_text":true,"button_label_1":"Shop this","button_url_1":"","button_label_2":"Shop all","button_url_2":"","text_alignment":"center center"}},"image_8EF7df":{"type":"image","disabled":true,"settings":{"slide_link":"","subheading":"","title":"Opdag stilfuld hverdagsmode","heading_max_width":15,"title_size":84,"title_size_mobile":46,"use_h1":false,"text":"<p>And optional subtext<\/p>","enlarge_text":true,"button_label_1":"SHOP DAMER","button_url_1":"","button_label_2":"SHOP HERRE","button_url_2":"","text_alignment":"center center"}},"image_EkggDP":{"type":"image","settings":{"image":"shopify:\/\/shop_images\/1e3747eaaadfb580abaa10c7e8cda12c.jpg","slide_link":"","subheading":"","title":"THE OLD MONEY CLUB","heading_max_width":15,"title_size":84,"title_size_mobile":46,"use_h1":false,"text":"","enlarge_text":true,"button_label_1":"","button_url_1":"shopify:\/\/collections\/damer","button_label_2":"SHOP OLD MONEY","button_url_2":"shopify:\/\/collections","text_alignment":"center center"}}},"block_order":["image_fdTpA3","image_8EF7df","image_EkggDP"],"name":"t:global20240603122814.name_969","settings":{"height":"fixed","height_desktop":600,"height_mobile":460,"full_width":true,"mobile_overlay_under":false,"overlay_style":"shadow","transition":"fade","navigation":"arrows","autoplay":true,"autoplay_speed":7,"accessibility_info":""}},"featured_collection_R3DWYq":{"type":"featured-collection","name":"t:global20240603122814.name_301","settings":{"title":"OLD MONEY SWEATERS","collection":"old-money-sweaters","show_vendor":false,"enable_carousel":true,"grid":5,"rows":1,"color_scheme":"default","show_view_all":true,"full_width":true}},"video_with_text_WYJedR":{"type":"video-with-text","blocks":{"heading_bfFX6y":{"type":"heading","settings":{"title":"SHOP THE LOOK","use_h1":false}},"text_4E7tCE":{"type":"text","settings":{"text":"<p><em>OLD MONEY OUTFITS BY TheOldMoneyClub<\/em><\/p>","enlarge_text":false}},"button_MeWb9N":{"type":"button","settings":{"button_label":"view products","button_link":"shopify:\/\/collections\/shop-the-look","button_style":"primary"}}},"block_order":["heading_bfFX6y","text_4E7tCE","button_MeWb9N"],"name":"t:global20240603122814.name_1010","settings":{"video_shopify":"shopify:\/\/files\/videos\/Ontwerp zonder titel (3).mp4","video_external":"","video_description":"","autoplay":false,"video_position":"left","text_alignment":"center","color_scheme":"default"}},"collection_list_cnbJ6n":{"type":"collection-list","blocks":{"collection_JWw4wp":{"type":"collection","settings":{"collection":"old-money-sweaters","subheading":"","button_label":""}},"collection_UBL6j9":{"type":"collection","settings":{"collection":"old-money-polo","subheading":"","button_label":""}},"collection_apjtWJ":{"type":"collection","settings":{"collection":"old-money-merino-wool","subheading":"","button_label":""}},"collection_z9BKpE":{"type":"collection","settings":{"collection":"old-money-pants","subheading":"","button_label":""}},"collection_b34KeU":{"type":"collection","settings":{"collection":"old-money-suits","subheading":"","button_label":""}}},"block_order":["collection_JWw4wp","collection_UBL6j9","collection_apjtWJ","collection_z9BKpE","collection_b34KeU"],"name":"t:global20240603122814.name_180","settings":{"title":"THE OLD MONEY CLUB COLLECTIONS","enable_carousel":true,"grid":4,"color_scheme":"default","full_width":true,"coll_grid_image_shape":"square","coll_grid_image_position":"center center","coll_thumb_mob_per_row":"2","coll_grid_show_count":true,"coll_text_position":"below","coll_text_position_under_mobile":false,"coll_thumb_text_align_x":"center","coll_thumb_text_align_y":"center","coll_button_style":"primary"}},"image_with_text_CkrAd6":{"type":"image-with-text","blocks":{"heading_tYniT6":{"type":"heading","settings":{"title":"Why Choose The Old Money Club","use_h1":false}},"text_YDYcyQ":{"type":"text","settings":{"text":"<h3><\/h3><ul><li><em>🇮🇹 Inspired in Turin, Italy<br\/><\/em><\/li><li><em>🕴️ Free worldwide shipping<br\/><\/em><\/li><li><em>💼 Satisfaction or refund guaranteed<br\/><\/em><\/li><li><em>🔒 Secure payment<\/em><\/li><\/ul>","enlarge_text":false}},"button_CCAw7b":{"type":"button","disabled":true,"settings":{"button_label":"Button text","button_link":"","button_style":"primary"}}},"block_order":["heading_tYniT6","text_YDYcyQ","button_CCAw7b"],"name":"t:global20240603122814.name_511","settings":{"image":"shopify:\/\/shop_images\/c4f43193-9e39-4383-a902-0a83f556c2e0.jpg","image_2":"shopify:\/\/shop_images\/3f98a43b-5960-41dc-9d75-b4bd9602179c.jpg","image_width":700,"image_link":"","image_position":"left","text_alignment":"left","color_scheme":"default"}},"featured_collection_a7eET6":{"type":"featured-collection","name":"t:global20240603122814.name_301","settings":{"title":"OLD MONEY PANTS","collection":"old-money-pants","show_vendor":false,"enable_carousel":true,"grid":5,"rows":1,"color_scheme":"default","show_view_all":true,"full_width":true}},"ss_product_vidoes_XgNQxU":{"type":"ss-product-vidoes","blocks":{"video_PcFeGD":{"type":"video","disabled":true,"settings":{"video":"shopify:\/\/files\/videos\/Ontwerp zonder titel (1).mp4","video_url":"https:\/\/www.youtube.com\/watch?v=_9VUPq3SxOc","modal_heading":"<h4>Modal Heading<\/h4>","modal_text":"<p>Modal Text<\/p>"}},"video_hpwwTd":{"type":"video","disabled":true,"settings":{"video_url":"https:\/\/www.youtube.com\/watch?v=_9VUPq3SxOc","modal_heading":"<h4>Modal Heading<\/h4>","modal_text":"<p>Modal Text<\/p>"}},"video_qQ9mjx":{"type":"video","disabled":true,"settings":{"video_url":"https:\/\/www.youtube.com\/watch?v=_9VUPq3SxOc","modal_heading":"<h4>Modal Heading<\/h4>","modal_text":"<p>Modal Text<\/p>"}},"video_xYDCi4":{"type":"video","disabled":true,"settings":{"video_url":"https:\/\/www.youtube.com\/watch?v=_9VUPq3SxOc","modal_heading":"<h4>Modal Heading<\/h4>","modal_text":"<p>Modal Text<\/p>"}},"video_YKPBGe":{"type":"video","disabled":true,"settings":{"video_url":"https:\/\/www.youtube.com\/watch?v=_9VUPq3SxOc","modal_heading":"<h4>Modal Heading<\/h4>","modal_text":"<p>Modal Text<\/p>"}}},"block_order":["video_PcFeGD","video_hpwwTd","video_qQ9mjx","video_xYDCi4","video_YKPBGe"],"disabled":true,"name":"SS - Product Videos","settings":{"videos_position":"above_description","use_metafield":false,"heading":"<h2>WHAT OUR FELLOWS SAY<\/h2>","heading_custom":false,"heading_font":"josefin_sans_n4","heading_size":18,"heading_size_mobile":18,"heading_height":130,"heading_align":"center","heading_align_mobile":"center","slider_view":3,"slider_view_mobile":3,"slider_gap":16,"slider_gap_mobile":16,"slider_mt":20,"card_radius":10,"card_border_thickness":0,"card_shadow":true,"video_ratio":"portrait","video_ratio_mobile":"portrait","video_overlay":0.3,"icon_size":34,"icon_size_mobile":34,"icon_border_thickness":1,"icon_position_mobile":"bottom_left","icon_position":"bottom_left","hide_icon":false,"arrow_size":35,"arrow_size_mobile":35,"arrow_radius":5,"arrow_border_thickness":0,"arrow_hover_shadow":true,"arrow_show_desktop":true,"arrow_show_mobile":true,"show_content":false,"modal_width":30,"modal_width_mobile":95,"modal_padding_vertical":0,"modal_padding_vertical_mobile":0,"modal_padding_horizontal":0,"modal_padding_horizontal_mobile":0,"modal_radius":16,"modal_border_thickness":0,"modal_overlay":50,"close_size":42,"close_size_mobile":42,"close_radius":8,"close_border_thickness":0,"buttons_size":48,"buttons_size_mobile":48,"buttons_radius":8,"buttons_border_thickness":0,"modal_video_radius":0,"modal_video_border_thickness":0,"modal_video_ratio":"portrait","modal_video_ratio_mobile":"portrait","modal_heading_custom":false,"modal_heading_font":"josefin_sans_n4","modal_heading_size":28,"modal_heading_size_mobile":28,"modal_heading_height":130,"modal_heading_align":"center","modal_heading_align_mobile":"center","modal_text_custom":false,"modal_text_font":"josefin_sans_n4","modal_text_size":16,"modal_text_size_mobile":16,"modal_text_height":130,"modal_text_align":"center","modal_text_align_mobile":"center","modal_text_mt":16,"card_bg_color":"#ffffff","card_border_color":"#000000","card_shadow_color":"#000000","video_overlay_color":"#000000","icon_bg_color":"#000000","icon_border_color":"#ffffff","icon_color":"#ffffff","arrow_bg_color":"#ffffff","arrow_bg_hover_color":"#ffffff","arrow_border_color":"#000000","arrow_border_hover_color":"#000000","arrow_icon_color":"#1c1c1c","arrow_icon_hover_color":"#1c1c1c","modal_bg_color":"#ffffff","modal_border_color":"#000000","close_bg_color":"#ffffff","close_border_color":"#000000","close_icon_color":"#ffffff","buttons_bg_color":"#ffffff","buttons_border_color":"#000000","buttons_icon_color":"#ffffff","modal_video_border_color":"#000000","modal_content_bg_color":"#ffffff","modal_content_border_color":"#000000","modal_heading_color":"#000000","modal_text_color":"#000000","heading_color":"#000000","background_color":"#ffffff","background_gradient":"","border_color":"#000000","margin_top":0,"margin_bottom":0,"padding_top":20,"padding_bottom":20,"padding_horizontal":0,"padding_horizontal_mobile":0,"border_thickness":0,"lazy":true}},"featured_collection_bbcDi3":{"type":"featured-collection","name":"t:global20240603122814.name_301","settings":{"title":"OLD MONEY SUITS","collection":"old-money-suits","show_vendor":false,"enable_carousel":true,"grid":4,"rows":1,"color_scheme":"default","show_view_all":true,"full_width":true}},"collection_list_6g7TVK":{"type":"collection-list","blocks":{"collection_iycViF":{"type":"collection","disabled":true,"settings":{"collection":"sko","subheading":"","button_label":""}},"collection_kbt8DT":{"type":"collection","disabled":true,"settings":{"collection":"trojer","subheading":"","button_label":""}},"collection_regiRe":{"type":"collection","disabled":true,"settings":{"collection":"jakke-herre","subheading":"","button_label":""}},"collection_dn3wdM":{"type":"collection","disabled":true,"settings":{"collection":"bukser-herre","subheading":"","button_label":""}}},"block_order":["collection_iycViF","collection_kbt8DT","collection_regiRe","collection_dn3wdM"],"disabled":true,"name":"t:global20240603122814.name_180","settings":{"title":"OLD MONEY SUITS","enable_carousel":true,"grid":4,"color_scheme":"default","full_width":true,"coll_grid_image_shape":"square","coll_grid_image_position":"center center","coll_thumb_mob_per_row":"2","coll_grid_show_count":true,"coll_text_position":"below","coll_text_position_under_mobile":false,"coll_thumb_text_align_x":"center","coll_thumb_text_align_y":"center","coll_button_style":"primary"}},"image_with_text_JKRhbj":{"type":"image-with-text","blocks":{"heading_iJ6AMU":{"type":"heading","settings":{"title":"ABOUT TheOldMoneyClub","use_h1":false}},"text_7tWwmR":{"type":"text","settings":{"text":"<p><em>In the heart of Turin, Old Money Club stands as a symbol of timeless elegance and classic style for the discerning gentleman. <\/em><\/p><p><em>Founded by an Italian visionary, the brand embodies the essence of refined Italian “old money” aesthetics, creating garments with meticulous craftsmanship that pay tribute to the sophisticated luxury of traditional Italian tailoring.<\/em><\/p>","enlarge_text":false}},"button_GdLdgp":{"type":"button","disabled":true,"settings":{"button_label":"","button_link":"","button_style":"primary"}}},"block_order":["heading_iJ6AMU","text_7tWwmR","button_GdLdgp"],"name":"t:global20240603122814.name_511","settings":{"image":"shopify:\/\/shop_images\/Screenshot_2025-10-18_at_11.46.48.png","image_width":700,"image_link":"","image_position":"left","text_alignment":"left","color_scheme":"default"}}},"order":["1748610399f78f242d","slideshow_Ewecq7","featured_collection_R3DWYq","video_with_text_WYJedR","collection_list_cnbJ6n","image_with_text_CkrAd6","featured_collection_a7eET6","ss_product_vidoes_XgNQxU","featured_collection_bbcDi3","collection_list_6g7TVK","image_with_text_JKRhbj"]}