{"sections":{"rich_text_VMHHjA":{"type":"rich-text","blocks":{"heading_3PW7Bm":{"type":"heading","settings":{"title":"Ofte stillede spørgsmål","use_h1":false}},"text_DUxFQ9":{"type":"text","settings":{"text":"<p>Her finder du svar på ofte stillede spørgsmål. Så kan du hurtigt finde den information, du søger. Er dit spørgsmål ikke med? Så kontakt os endelig.<\/p>","enlarge_text":true}}},"block_order":["heading_3PW7Bm","text_DUxFQ9"],"name":"t:global20240603122814.name_370","settings":{"height":"medium","text_alignment":"center","full_width":false,"color_scheme":"default"}},"heading":{"type":"image-with-text-overlay","blocks":{"heading":{"type":"heading","settings":{"title":"Customer Help","heading_max_width":15,"title_size":52,"title_size_mobile":32,"use_h1":false}},"text":{"type":"text","settings":{"text":"<p>If talking to a real-life human is more your thing, you can reach our Customer Happiness Team via email (below).<\/p>","enlarge_text":true}}},"block_order":["heading","text"],"disabled":true,"settings":{"height":"fixed","height_desktop":400,"height_mobile":300,"image_link":"","full_width":true,"text_alignment":"center center","mobile_overlay_under":false,"overlay_style":"shadow"}},"main":{"type":"faq-header","disabled":true,"settings":{"title":"FAQ","use_h1":false,"text":"","show_search":true,"show_index":true,"index_heading":"How can we help?"}},"faq-content-1":{"type":"collapsible-tabs","blocks":{"question-1":{"type":"question","settings":{"title":"Hvad er leveringstiderne?","answer":"<p>Vi behandler din ordre inden for 1 til 3 arbejdsdage (mandag til fredag). Leveringen tager derefter 4 til 12 arbejdsdage. I alt modtager du normalt din ordre inden for 7 til 15 arbejdsdage. I travle perioder kan det tage lidt længere tid; vi informerer dig i så fald.<\/p>"}},"question-2":{"type":"question","settings":{"title":"Bliver der beregnet forsendelsesomkostninger?","answer":"<p>Nej, forsendelse er altid gratis, uanset beløbet på din ordre.<\/p>"}},"question_grMPiB":{"type":"question","settings":{"title":"Hvordan følger jeg min ordre?","answer":"<p>Når din ordre er afsendt, modtager du en e-mail med et trackingnummer. Du kan følge din pakke via vores tracking-side på hjemmesiden.<\/p>"}},"question_knDtqH":{"type":"question","settings":{"title":"Kan jeg stadig ændre leveringsadressen?","answer":"<p>Ja, det er muligt, hvis pakken endnu ikke er afsendt. Send en e-mail til <a href=\"mailto:lynova.info@gmail.com\" title=\"mailto:lynova.info@gmail.com\">info@nordisk-mode.com<\/a>. Efter afsendelse er det desværre ikke længere muligt at ændre.<\/p>"}}},"block_order":["question-1","question-2","question_grMPiB","question_knDtqH"],"settings":{"title":"Forsendelse og levering"}},"collapsible_tabs_QG63Rm":{"type":"collapsible-tabs","blocks":{"question_nKtqBq":{"type":"question","settings":{"title":"Hvad er returfristen?","answer":"<p>Du har 14 dage fra modtagelsen til at returnere varen. Du skal anmelde det på forhånd; uden anmeldelse behandler vi det ikke.<\/p>"}},"question_9nK94Y":{"type":"question","settings":{"title":"Hvilke betingelser skal returnerede produkter opfylde?","answer":"<p>Produkterne skal være ubrugte, uvaskede og ubeskadigede, med original emballage og mærker.<\/p>"}},"question_7wUiaE":{"type":"question","settings":{"title":"Hvordan anmelder jeg en returnering?","answer":"<p>Send en e-mail til<a href=\"mailto:lynova.info@gmail.com\" title=\"mailto:lynova.info@gmail.com\">l info@nordisk-mode.com <\/a>inden for 14 dage med dit ordrenummer og de pågældende varer. Vi sender dig et returformular og instruktioner.<\/p>"}},"question_GV63Mk":{"type":"question","settings":{"title":"Hvor lang tid tager tilbagebetalingen?","answer":"<p>Efter modtagelse og godkendelse: inden for 5-10 arbejdsdage via den oprindelige betalingsmetode.<\/p>"}}},"block_order":["question_nKtqBq","question_9nK94Y","question_7wUiaE","question_GV63Mk"],"name":"t:global20240603122814.name_174","settings":{"title":"Returnering og refusion"}},"faq-content-2":{"type":"collapsible-tabs","blocks":{"para-1":{"type":"content","disabled":true,"settings":{"content":"<p>We use all major carriers, and local courier partners. You’ll be asked to select a delivery method during checkout.<\/p>"}},"question-1":{"type":"question","settings":{"title":"Hvor lang tid tager det at behandle min ordre?","answer":"<p>Du modtager straks en bekræftelsesmail. Vi behandler ordren inden for 1-2 dage (undtagen i weekenden og på helligdage).<\/p>"}},"question-2":{"type":"question","settings":{"title":"Hvad hvis min ordre er forsinket?","answer":"<p>Vi gør vores bedste for at levere til tiden, men hvis der opstår uventede problemer (f.eks. vejr eller transportør), informerer vi dig hurtigt og finder en løsning.<\/p>"}},"question_8qpczg":{"type":"question","settings":{"title":"Hvad hvis jeg modtager en beskadiget vare?","answer":"<p>Kontakt os inden for 14 dage via <a href=\"mailto:lynova.info@gmail.com\" title=\"mailto:lynova.info@gmail.com\">info@nordisk-mode.com <\/a>med fotos eller video af defekten. Vi finder hurtigt en passende løsning.<\/p>"}}},"block_order":["para-1","question-1","question-2","question_8qpczg"],"settings":{"title":"Bestillinger og ordrebehandling"}},"contact":{"type":"rich-text","blocks":{"icon":{"type":"icon","settings":{"icon":"chat_bubble"}},"heading":{"type":"heading","settings":{"title":"Get in touch","use_h1":false}},"text":{"type":"text","settings":{"text":"<p>Have questions about your order, or a general enquiry?<\/p>","enlarge_text":true}},"button":{"type":"button","settings":{"button_label":"Contact us","button_link":"","button_style":"primary"}}},"block_order":["icon","heading","text","button"],"disabled":true,"settings":{"height":"medium","text_alignment":"center","full_width":false,"color_scheme":"default"}}},"order":["rich_text_VMHHjA","heading","main","faq-content-1","collapsible_tabs_QG63Rm","faq-content-2","contact"]}