{"sections":{"main":{"type":"main-page","settings":{"show_page_title":true,"full_width":false}},"collapsible_tabs_g387KW":{"type":"collapsible-tabs","blocks":{"question_FNmytX":{"type":"question","settings":{"title":"Hvad er leveringstiderne?","answer":"<p>Vi behandler din ordre inden for 1 til 3 arbejdsdage (mandag til fredag). Leveringen tager derefter 4 til 12 arbejdsdage. I alt modtager du normalt din ordre inden for 7 til 15 arbejdsdage. I travle perioder kan det tage lidt længere tid; vi informerer dig i så fald.<\/p>"}},"question_kQWgef":{"type":"question","settings":{"title":"Bliver der beregnet forsendelsesomkostninger?","answer":"<p>Nej, forsendelse er altid gratis, uanset beløbet på din ordre.<\/p>"}},"question_6XmAEQ":{"type":"question","settings":{"title":"Hvordan følger jeg min ordre?","answer":"<p>Når din ordre er afsendt, modtager du en e-mail med et trackingnummer. Du kan følge din pakke via vores tracking-side på hjemmesiden.<\/p>"}},"question_DeEGtL":{"type":"question","settings":{"title":"Kan jeg stadig ændre leveringsadressen?","answer":"<p>Ja, det er muligt, hvis pakken endnu ikke er afsendt. Send en e-mail til <a href=\"mailto:lynova.info@gmail.com\" title=\"mailto:lynova.info@gmail.com\">info@nordisk-mode.com<\/a>. Efter afsendelse er det desværre ikke længere muligt at ændre.<\/p>"}}},"block_order":["question_FNmytX","question_kQWgef","question_6XmAEQ","question_DeEGtL"],"disabled":true,"settings":{"title":"Forsendelse og levering"}},"collapsible_tabs_gqApJW":{"type":"collapsible-tabs","blocks":{"question_FrbkEP":{"type":"question","settings":{"title":"Hvad er returfristen?","answer":"<p>Du har 14 dage fra modtagelsen til at returnere varen. Du skal anmelde det på forhånd; uden anmeldelse behandler vi det ikke.<\/p>"}},"question_yDLQFC":{"type":"question","settings":{"title":"Hvilke betingelser skal returnerede produkter opfylde?","answer":"<p>Produkterne skal være ubrugte, uvaskede og ubeskadigede, med original emballage og mærker.<\/p>"}},"question_nB4HYf":{"type":"question","settings":{"title":"Hvordan anmelder jeg en returnering?","answer":"<p>Send en e-mail til<a href=\"mailto:lynova.info@gmail.com\" title=\"mailto:lynova.info@gmail.com\">l info@nordisk-mode.com <\/a>inden for 14 dage med dit ordrenummer og de pågældende varer. Vi sender dig et returformular og instruktioner.<\/p>"}},"question_dLTLFk":{"type":"question","settings":{"title":"Hvor lang tid tager tilbagebetalingen?","answer":"<p>Efter modtagelse og godkendelse: inden for 5-10 arbejdsdage via den oprindelige betalingsmetode.<\/p>"}}},"block_order":["question_FrbkEP","question_yDLQFC","question_nB4HYf","question_dLTLFk"],"disabled":true,"name":"t:global20240603122814.name_174","settings":{"title":"Returnering og refusion"}},"image_with_text_dWTf9r":{"type":"image-with-text","blocks":{"heading_7i3CnD":{"type":"heading","settings":{"title":"Dressed with intention.","use_h1":false}},"heading_VmNJDH":{"type":"heading","disabled":true,"settings":{"title":"Image with text","use_h1":false}},"heading_mqBFee":{"type":"heading","disabled":true,"settings":{"title":"Image with text","use_h1":false}},"heading_qWxNER":{"type":"heading","disabled":true,"settings":{"title":"Image with text","use_h1":false}},"text_FCENKF":{"type":"text","settings":{"text":"<p><em>At The Old Money Club, we believe style is not about excess — it’s about purpose. Every detail, every stitch, every choice reflects quiet confidence and timeless taste. Inspired by heritage, driven by discipline, we celebrate the art of understated elegance. Because being well dressed is never accidental — it’s intentional.<\/em><\/p>","enlarge_text":false}},"button_JxVCDT":{"type":"button","disabled":true,"settings":{"button_label":"Button text","button_link":"","button_style":"primary"}}},"block_order":["heading_7i3CnD","heading_VmNJDH","heading_mqBFee","heading_qWxNER","text_FCENKF","button_JxVCDT"],"name":"t:global20240603122814.name_511","settings":{"image":"shopify:\/\/shop_images\/31b245ab-7c78-483a-80af-bfbf681bf76f.jpg","image_2":"shopify:\/\/shop_images\/3331aa5f-33d6-4bf1-afeb-1ec21a30780c_1.jpg","image_width":700,"image_link":"","image_position":"left","text_alignment":"center","color_scheme":"default"}},"image_link_blocks_7JtMRt":{"type":"image-link-blocks","blocks":{"item_JXH7Kc":{"type":"item","settings":{"image":"shopify:\/\/shop_images\/31b245ab-7c78-483a-80af-bfbf681bf76f.jpg","stretch_image":true,"link_text":"","link_url":"","background":"","text_color":"#ffffff","overlay_color":"#000000","overlay_opacity":0}},"item_wb4DP8":{"type":"item","disabled":true,"settings":{"stretch_image":true,"link_text":"","link_url":"","background":"","text_color":"#ffffff","overlay_color":"#000000","overlay_opacity":0}},"item_7B7aNa":{"type":"item","disabled":true,"settings":{"stretch_image":true,"link_text":"","link_url":"","background":"","text_color":"#ffffff","overlay_color":"#000000","overlay_opacity":0}},"item_NDtwdX":{"type":"item","disabled":true,"settings":{"stretch_image":true,"link_text":"","link_url":"","background":"","text_color":"#ffffff","overlay_color":"#000000","overlay_opacity":0}}},"block_order":["item_JXH7Kc","item_wb4DP8","item_7B7aNa","item_NDtwdX"],"disabled":true,"name":"Image link blocks","settings":{"full_width":false,"block_size":"small","subheading":"","title":"","content":"","link_url":"","link_text":"","background":"","background_gradient":"","text_color":"","heading_color":"","heading_gradient":""}},"gallery_UCnwEk":{"type":"gallery","blocks":{"media_DwVtnR":{"type":"media","disabled":true,"settings":{"enlarge_media":true,"subheading":"Gallery","title":"Tell your story","button_label":"","link":"","text_alignment":"bottom left"}},"media_RJzijN":{"type":"media","settings":{"image":"shopify:\/\/shop_images\/31b245ab-7c78-483a-80af-bfbf681bf76f.jpg","enlarge_media":false,"subheading":"","title":"","button_label":"","link":"","text_alignment":"bottom right"}},"media_t796qz":{"type":"media","settings":{"image":"shopify:\/\/shop_images\/251b5f76026cf5310793a60a0dff65da.jpg","enlarge_media":false,"subheading":"Gallery","title":"Tell your story","button_label":"","link":"","text_alignment":"bottom left"}},"media_RKDtAm":{"type":"media","disabled":true,"settings":{"enlarge_media":false,"subheading":"Gallery","title":"Tell your story","button_label":"","link":"","text_alignment":"bottom left"}},"media_p3mRTx":{"type":"media","disabled":true,"settings":{"enlarge_media":true,"subheading":"Gallery","title":"Tell your story","button_label":"","link":"","text_alignment":"bottom left"}}},"block_order":["media_DwVtnR","media_RJzijN","media_t796qz","media_RKDtAm","media_p3mRTx"],"disabled":true,"name":"t:global20240603122814.name_420","settings":{"grid_desktop":2,"grid_mobile":"1","height":"fixed","desktop_image_height":460,"mobile_image_height":400,"title_size":30,"title_size_mobile":22,"enable_margin":true,"enable_row_spacing":true,"full_width":false,"color_scheme":"default","enable_carousel":true,"overlay_style":"full","button_style":"primary"}}},"order":["main","collapsible_tabs_g387KW","collapsible_tabs_gqApJW","image_with_text_dWTf9r","image_link_blocks_7JtMRt","gallery_UCnwEk"]}