{"sections":{"main":{"type":"main-contact","blocks":{"name":{"type":"name_input","settings":{"half_width":true}},"email":{"type":"email_input","settings":{"half_width":true}},"message":{"type":"message_input","settings":{"half_width":false}}},"block_order":["name","email","message"],"settings":{"show_page_title":true,"use_columns":true,"contact_title":"","contact_text":""}},"rich_text_NxAd7j":{"type":"rich-text","blocks":{"text_p9X9h7":{"type":"text","settings":{"text":"<h2><em><strong>Contact Information – OldMoneyClub <\/strong><\/em><\/h2><p><em>If you have any questions or need assistance, you can reach us using the following contact details:<\/em><\/p><p><em><strong>Store Name:<\/strong><\/em><em> OldMoneyClub<br\/><\/em><em><strong>Company Name:<\/strong><\/em><em> OldMoneyClub<br\/><\/em><em><strong>Address:<\/strong><\/em><em> Randmeerstraat 130, 2162LN, Lisse, Netherlands<br\/><\/em><em><strong>Email:<\/strong><\/em><em> <\/em><a><em>info@theoldmoney-club.com<\/em><\/a><em><br\/><\/em><em><strong>Contact Form:<\/strong><\/em><em> [Click Here]<br\/><\/em><em><strong>Phone:<\/strong><\/em><em> +31 614069051<br\/><\/em><em><strong>Company Registration Number (CVR):<\/strong><\/em><em> 96746203<br\/><\/em><em><strong>VAT Number:<\/strong><\/em><em> NL253153104B01<\/em><\/p><p><em><strong>Customer Service Hours:<\/strong><\/em><em><br\/>Monday – Friday: 09:00 – 20:00<br\/>Saturday: 09:00 – 18:00<br\/>We aim to respond to all emails <\/em><em><strong>within 24 hours<\/strong><\/em><em>.<\/em><\/p>","enlarge_text":true}}},"block_order":["text_p9X9h7"],"name":"t:global20240603122814.name_370","settings":{"height":"medium","text_alignment":"center","full_width":false,"color_scheme":"default"}}},"order":["main","rich_text_NxAd7j"]}