{"sections":{"main":{"type":"main-product","blocks":{"custom_liquid_x34Mqi":{"type":"custom-liquid","disabled":true,"settings":{"custom_liquid":"<div style=\"display: inline-flex; align-items: center; gap: 4px; font-size: 13px;\">\n  <img width=\"60\" style=\"height: auto;\" src=\"https:\/\/cdn.shopify.com\/s\/files\/1\/0549\/0117\/8598\/files\/stars-4.5.svg?v=1662112912\" alt=\"Trustpilot rating\">\n  <span><strong>4.8\/5<\/strong> Excellent <strong>3500+ reviews<\/strong><\/span>\n<\/div>","show_in_quickbuy":false}},"title":{"type":"title","settings":{}},"price":{"type":"price","settings":{"show_tax_and_shipping":false,"enable_product_reviews_by_price":true}},"divider":{"type":"divider","disabled":true,"settings":{"show_in_quickbuy":false}},"variant-picker":{"type":"variant-picker","settings":{"show_single":false,"selector_style":"listed","enable_dynamic_availability":true,"enable_size_chart":false,"size_chart_variant":"Size","size_chart_page":""}},"divider_DXGFAR":{"type":"divider","settings":{"show_in_quickbuy":false}},"custom_liquid_GeUJfm":{"type":"custom-liquid","disabled":true,"settings":{"custom_liquid":"<div class=\"product-info__liquid\">\n  <style>\n    @keyframes pulse {\n      0% { transform: scale(1); opacity: 1; }\n      50% { transform: scale(1.2); opacity: 0.7; }\n      100% { transform: scale(1); opacity: 1; }\n    }\n\n    .orange-dot {\n      display: inline-block;\n      width: 12px;\n      height: 12px;\n      background-color: #FFA500; \/* Oranje kleur *\/\n      border-radius: 50%;\n      box-shadow: 0 0 4px rgba(255, 165, 0, 0.6);\n      animation: pulse 1.5s infinite ease-in-out;\n    }\n\n    ul.custom-bullets {\n      list-style: none;\n      padding: 0;\n      margin: 0;\n    }\n\n    ul.custom-bullets li {\n      display: flex;\n      align-items: center;\n      gap: 10px;\n      margin-bottom: 10px;\n      font-size: 14px;\n      font-weight: 500;\n      line-height: 1.4;\n      color: #000;\n    }\n\n    ul.custom-bullets .icon-wrapper {\n      width: 20px;\n      display: flex;\n      justify-content: center;\n      align-items: center;\n    }\n\n    ul.custom-bullets img {\n      width: 18px;\n      height: 18px;\n    }\n\n    .orange-text {\n      color: #FFA500;\n    }\n  <\/style>\n\n  <ul class=\"custom-bullets\">\n    <li>\n      <div class=\"icon-wrapper\">\n        <span class=\"orange-dot\"><\/span>\n      <\/div>\n      <span class=\"orange-text\">Last pieces available<\/span>\n    <\/li>\n    <li>\n      <div class=\"icon-wrapper\">\n        <img src=\"https:\/\/www.nuamore.com\/cdn\/shop\/files\/fast-delivery_2_750x750.svg?v=1739715849\" alt=\"Gratis verzending\">\n      <\/div>\n      <span>Fast shipping with track &amp; trace<\/span>\n    <\/li>\n    <li>\n      <div class=\"icon-wrapper\">\n        <img src=\"https:\/\/www.nuamore.com\/cdn\/shop\/files\/security_7_750x750.svg?v=1739716998\" alt=\"Geld-terug-Garantie\">\n      <\/div>\n      <span>30-day money back guarantee<\/span>\n    <\/li>\n  <\/ul>\n<\/div>","show_in_quickbuy":false}},"buy-buttons":{"type":"buy-buttons","settings":{"show_quantity_selector":false,"enable_payment_button":false,"show_backorder_text":false,"show_pickup_availability":false,"show_gift_card_recipient":false}},"custom_liquid_JGWfTt":{"type":"custom-liquid","disabled":true,"settings":{"custom_liquid":"<div class=\"payment-icons\" style=\"display: flex; justify-content: center; align-items: center; gap: 10px; flex-wrap: wrap; padding-top: 0;\">\n\n<svg class=\"payment-icon\" xmlns=\"http:\/\/www.w3.org\/2000\/svg\" role=\"img\" aria-labelledby=\"pi-american_express\" viewBox=\"0 0 38 24\" width=\"38\" height=\"24\"><title id=\"pi-american_express\">American Express<\/title><path fill=\"#000\" d=\"M35 0H3C1.3 0 0 1.3 0 3v18c0 1.7 1.4 3 3 3h32c1.7 0 3-1.3 3-3V3c0-1.7-1.4-3-3-3Z\" opacity=\".07\"><\/path><path fill=\"#006FCF\" d=\"M35 1c1.1 0 2 .9 2 2v18c0 1.1-.9 2-2 2H3c-1.1 0-2-.9-2-2V3c0-1.1.9-2 2-2h32Z\"><\/path><path fill=\"#FFF\" d=\"M22.012 19.936v-8.421L37 11.528v2.326l-1.732 1.852L37 17.573v2.375h-2.766l-1.47-1.622-1.46 1.628-9.292-.02Z\"><\/path><path fill=\"#006FCF\" d=\"M23.013 19.012v-6.57h5.572v1.513h-3.768v1.028h3.678v1.488h-3.678v1.01h3.768v1.531h-5.572Z\"><\/path><path fill=\"#006FCF\" d=\"m28.557 19.012 3.083-3.289-3.083-3.282h2.386l1.884 2.083 1.89-2.082H37v.051l-3.017 3.23L37 18.92v.093h-2.307l-1.917-2.103-1.898 2.104h-2.321Z\"><\/path><path fill=\"#FFF\" d=\"M22.71 4.04h3.614l1.269 2.881V4.04h4.46l.77 2.159.771-2.159H37v8.421H19l3.71-8.421Z\"><\/path><path fill=\"#006FCF\" d=\"m23.395 4.955-2.916 6.566h2l.55-1.315h2.98l.55 1.315h2.05l-2.904-6.566h-2.31Zm.25 3.777.875-2.09.873 2.09h-1.748Z\"><\/path><path fill=\"#006FCF\" d=\"M28.581 11.52V4.953l2.811.01L32.84 9l1.456-4.046H37v6.565l-1.74.016v-4.51l-1.644 4.494h-1.59L30.35 7.01v4.51h-1.768Z\"><\/path><\/svg>\n\n\n<svg class=\"payment-icon\" version=\"1.1\" xmlns=\"http:\/\/www.w3.org\/2000\/svg\" role=\"img\" x=\"0\" y=\"0\" width=\"38\" height=\"24\" viewBox=\"0 0 165.521 105.965\" xml:space=\"preserve\" aria-labelledby=\"pi-apple_pay\"><title id=\"pi-apple_pay\">Apple Pay<\/title><path fill=\"#000\" d=\"M150.698 0H14.823c-.566 0-1.133 0-1.698.003-.477.004-.953.009-1.43.022-1.039.028-2.087.09-3.113.274a10.51 10.51 0 0 0-2.958.975 9.932 9.932 0 0 0-4.35 4.35 10.463 10.463 0 0 0-.975 2.96C.113 9.611.052 10.658.024 11.696a70.22 70.22 0 0 0-.022 1.43C0 13.69 0 14.256 0 14.823v76.318c0 .567 0 1.132.002 1.699.003.476.009.953.022 1.43.028 1.036.09 2.084.275 3.11a10.46 10.46 0 0 0 .974 2.96 9.897 9.897 0 0 0 1.83 2.52 9.874 9.874 0 0 0 2.52 1.83c.947.483 1.917.79 2.96.977 1.025.183 2.073.245 3.112.273.477.011.953.017 1.43.02.565.004 1.132.004 1.698.004h135.875c.565 0 1.132 0 1.697-.004.476-.002.952-.009 1.431-.02 1.037-.028 2.085-.09 3.113-.273a10.478 10.478 0 0 0 2.958-.977 9.955 9.955 0 0 0 4.35-4.35c.483-.947.789-1.917.974-2.96.186-1.026.246-2.074.274-3.11.013-.477.02-.954.022-1.43.004-.567.004-1.132.004-1.699V14.824c0-.567 0-1.133-.004-1.699a63.067 63.067 0 0 0-.022-1.429c-.028-1.038-.088-2.085-.274-3.112a10.4 10.4 0 0 0-.974-2.96 9.94 9.94 0 0 0-4.35-4.35A10.52 10.52 0 0 0 156.939.3c-1.028-.185-2.076-.246-3.113-.274a71.417 71.417 0 0 0-1.431-.022C151.83 0 151.263 0 150.698 0z\"><\/path><path fill=\"#FFF\" d=\"M150.698 3.532l1.672.003c.452.003.905.008 1.36.02.793.022 1.719.065 2.583.22.75.135 1.38.34 1.984.648a6.392 6.392 0 0 1 2.804 2.807c.306.6.51 1.226.645 1.983.154.854.197 1.783.218 2.58.013.45.019.9.02 1.36.005.557.005 1.113.005 1.671v76.318c0 .558 0 1.114-.004 1.682-.002.45-.008.9-.02 1.35-.022.796-.065 1.725-.221 2.589a6.855 6.855 0 0 1-.645 1.975 6.397 6.397 0 0 1-2.808 2.807c-.6.306-1.228.511-1.971.645-.881.157-1.847.2-2.574.22-.457.01-.912.017-1.379.019-.555.004-1.113.004-1.669.004H14.801c-.55 0-1.1 0-1.66-.004a74.993 74.993 0 0 1-1.35-.018c-.744-.02-1.71-.064-2.584-.22a6.938 6.938 0 0 1-1.986-.65 6.337 6.337 0 0 1-1.622-1.18 6.355 6.355 0 0 1-1.178-1.623 6.935 6.935 0 0 1-.646-1.985c-.156-.863-.2-1.788-.22-2.578a66.088 66.088 0 0 1-.02-1.355l-.003-1.327V14.474l.002-1.325a66.7 66.7 0 0 1 .02-1.357c.022-.792.065-1.717.222-2.587a6.924 6.924 0 0 1 .646-1.981c.304-.598.7-1.144 1.18-1.623a6.386 6.386 0 0 1 1.624-1.18 6.96 6.96 0 0 1 1.98-.646c.865-.155 1.792-.198 2.586-.22.452-.012.905-.017 1.354-.02l1.677-.003h135.875\"><\/path><g><g><path fill=\"#000\" d=\"M43.508 35.77c1.404-1.755 2.356-4.112 2.105-6.52-2.054.102-4.56 1.355-6.012 3.112-1.303 1.504-2.456 3.959-2.156 6.266 2.306.2 4.61-1.152 6.063-2.858\"><\/path><path fill=\"#000\" d=\"M45.587 39.079c-3.35-.2-6.196 1.9-7.795 1.9-1.6 0-4.049-1.8-6.698-1.751-3.447.05-6.645 2-8.395 5.1-3.598 6.2-.95 15.4 2.55 20.45 1.699 2.5 3.747 5.25 6.445 5.151 2.55-.1 3.549-1.65 6.647-1.65 3.097 0 3.997 1.65 6.696 1.6 2.798-.05 4.548-2.5 6.247-5 1.95-2.85 2.747-5.6 2.797-5.75-.05-.05-5.396-2.101-5.446-8.251-.05-5.15 4.198-7.6 4.398-7.751-2.399-3.548-6.147-3.948-7.447-4.048\"><\/path><\/g><g><path fill=\"#000\" d=\"M78.973 32.11c7.278 0 12.347 5.017 12.347 12.321 0 7.33-5.173 12.373-12.529 12.373h-8.058V69.62h-5.822V32.11h14.062zm-8.24 19.807h6.68c5.07 0 7.954-2.729 7.954-7.46 0-4.73-2.885-7.434-7.928-7.434h-6.706v14.894z\"><\/path><path fill=\"#000\" d=\"M92.764 61.847c0-4.809 3.665-7.564 10.423-7.98l7.252-.442v-2.08c0-3.04-2.001-4.704-5.562-4.704-2.938 0-5.07 1.507-5.51 3.82h-5.252c.157-4.86 4.731-8.395 10.918-8.395 6.654 0 10.995 3.483 10.995 8.89v18.663h-5.38v-4.497h-.13c-1.534 2.937-4.914 4.782-8.579 4.782-5.406 0-9.175-3.222-9.175-8.057zm17.675-2.417v-2.106l-6.472.416c-3.64.234-5.536 1.585-5.536 3.95 0 2.288 1.975 3.77 5.068 3.77 3.95 0 6.94-2.522 6.94-6.03z\"><\/path><path fill=\"#000\" d=\"M120.975 79.652v-4.496c.364.051 1.247.103 1.715.103 2.573 0 4.029-1.09 4.913-3.899l.52-1.663-9.852-27.293h6.082l6.863 22.146h.13l6.862-22.146h5.927l-10.216 28.67c-2.34 6.577-5.017 8.735-10.683 8.735-.442 0-1.872-.052-2.261-.157z\"><\/path><\/g><\/g><\/svg>\n\n\n<svg class=\"payment-icon\" viewBox=\"0 0 38 24\" xmlns=\"http:\/\/www.w3.org\/2000\/svg\" role=\"img\" width=\"38\" height=\"24\" aria-labelledby=\"pi-master\"><title id=\"pi-master\">Mastercard<\/title><path opacity=\".07\" d=\"M35 0H3C1.3 0 0 1.3 0 3v18c0 1.7 1.4 3 3 3h32c1.7 0 3-1.3 3-3V3c0-1.7-1.4-3-3-3z\"><\/path><path fill=\"#fff\" d=\"M35 1c1.1 0 2 .9 2 2v18c0 1.1-.9 2-2 2H3c-1.1 0-2-.9-2-2V3c0-1.1.9-2 2-2h32\"><\/path><circle fill=\"#EB001B\" cx=\"15\" cy=\"12\" r=\"7\"><\/circle><circle fill=\"#F79E1B\" cx=\"23\" cy=\"12\" r=\"7\"><\/circle><path fill=\"#FF5F00\" d=\"M22 12c0-2.4-1.2-4.5-3-5.7-1.8 1.3-3 3.4-3 5.7s1.2 4.5 3 5.7c1.8-1.2 3-3.3 3-5.7z\"><\/path><\/svg>\n\n<svg class=\"payment-icon\" viewBox=\"0 0 38 24\" xmlns=\"http:\/\/www.w3.org\/2000\/svg\" role=\"img\" width=\"38\" height=\"24\" aria-labelledby=\"pi-visa\"><title id=\"pi-visa\">Visa<\/title><path opacity=\".07\" d=\"M35 0H3C1.3 0 0 1.3 0 3v18c0 1.7 1.4 3 3 3h32c1.7 0 3-1.3 3-3V3c0-1.7-1.4-3-3-3z\"><\/path><path fill=\"#fff\" d=\"M35 1c1.1 0 2 .9 2 2v18c0 1.1-.9 2-2 2H3c-1.1 0-2-.9-2-2V3c0-1.1.9-2 2-2h32\"><\/path><path d=\"M28.3 10.1H28c-.4 1-.7 1.5-1 3h1.9c-.3-1.5-.3-2.2-.6-3zm2.9 5.9h-1.7c-.1 0-.1 0-.2-.1l-.2-.9-.1-.2h-2.4c-.1 0-.2 0-.2.2l-.3.9c0 .1-.1.1-.1.1h-2.1l.2-.5L27 8.7c0-.5.3-.7.8-.7h1.5c.1 0 .2 0 .2.2l1.4 6.5c.1.4.2.7.2 1.1.1.1.1.1.1.2zm-13.4-.3l.4-1.8c.1 0 .2.1.2.1.7.3 1.4.5 2.1.4.2 0 .5-.1.7-.2.5-.2.5-.7.1-1.1-.2-.2-.5-.3-.8-.5-.4-.2-.8-.4-1.1-.7-1.2-1-.8-2.4-.1-3.1.6-.4.9-.8 1.7-.8 1.2 0 2.5 0 3.1.2h.1c-.1.6-.2 1.1-.4 1.7-.5-.2-1-.4-1.5-.4-.3 0-.6 0-.9.1-.2 0-.3.1-.4.2-.2.2-.2.5 0 .7l.5.4c.4.2.8.4 1.1.6.5.3 1 .8 1.1 1.4.2.9-.1 1.7-.9 2.3-.5.4-.7.6-1.4.6-1.4 0-2.5.1-3.4-.2-.1.2-.1.2-.2.1zm-3.5.3c.1-.7.1-.7.2-1 .5-2.2 1-4.5 1.4-6.7.1-.2.1-.3.3-.3H18c-.2 1.2-.4 2.1-.7 3.2-.3 1.5-.6 3-1 4.5 0 .2-.1.2-.3.2M5 8.2c0-.1.2-.2.3-.2h3.4c.5 0 .9.3 1 .8l.9 4.4c0 .1 0 .1.1.2 0-.1.1-.1.1-.1l2.1-5.1c-.1-.1 0-.2.1-.2h2.1c0 .1 0 .1-.1.2l-3.1 7.3c-.1.2-.1.3-.2.4-.1.1-.3 0-.5 0H9.7c-.1 0-.2 0-.2-.2L7.9 9.5c-.2-.2-.5-.5-.9-.6-.6-.3-1.7-.5-1.9-.5L5 8.2z\" fill=\"#142688\"><\/path><\/svg>\n\n<svg class=\"payment-icon\" viewBox=\"0 0 38 24\" xmlns=\"http:\/\/www.w3.org\/2000\/svg\" width=\"38\" height=\"24\" role=\"img\" aria-labelledby=\"pi-paypal\"><title id=\"pi-paypal\">PayPal<\/title><path opacity=\".07\" d=\"M35 0H3C1.3 0 0 1.3 0 3v18c0 1.7 1.4 3 3 3h32c1.7 0 3-1.3 3-3V3c0-1.7-1.4-3-3-3z\"><\/path><path fill=\"#fff\" d=\"M35 1c1.1 0 2 .9 2 2v18c0 1.1-.9 2-2 2H3c-1.1 0-2-.9-2-2V3c0-1.1.9-2 2-2h32\"><\/path><path fill=\"#003087\" d=\"M23.9 8.3c.2-1 0-1.7-.6-2.3-.6-.7-1.7-1-3.1-1h-4.1c-.3 0-.5.2-.6.5L14 15.6c0 .2.1.4.3.4H17l.4-3.4 1.8-2.2 4.7-2.1z\"><\/path><path fill=\"#3086C8\" d=\"M23.9 8.3l-.2.2c-.5 2.8-2.2 3.8-4.6 3.8H18c-.3 0-.5.2-.6.5l-.6 3.9-.2 1c0 .2.1.4.3.4H19c.3 0 .5-.2.5-.4v-.1l.4-2.4v-.1c0-.2.3-.4.5-.4h.3c2.1 0 3.7-.8 4.1-3.2.2-1 .1-1.8-.4-2.4-.1-.5-.3-.7-.5-.8z\"><\/path><path fill=\"#012169\" d=\"M23.3 8.1c-.1-.1-.2-.1-.3-.1-.1 0-.2 0-.3-.1-.3-.1-.7-.1-1.1-.1h-3c-.1 0-.2 0-.2.1-.2.1-.3.2-.3.4l-.7 4.4v.1c0-.3.3-.5.6-.5h1.3c2.5 0 4.1-1 4.6-3.8v-.2c-.1-.1-.3-.2-.5-.2h-.1z\"><\/path><\/svg>\n\n<svg class=\"payment-icon\" xmlns=\"http:\/\/www.w3.org\/2000\/svg\" role=\"img\" viewBox=\"0 0 38 24\" width=\"38\" height=\"24\" aria-labelledby=\"pi-shopify_pay\"><title id=\"pi-shopify_pay\">Shop Pay<\/title><path opacity=\".07\" d=\"M35 0H3C1.3 0 0 1.3 0 3v18c0 1.7 1.4 3 3 3h32c1.7 0 3-1.3 3-3V3c0-1.7-1.4-3-3-3z\" fill=\"#000\"><\/path><path d=\"M35.889 0C37.05 0 38 .982 38 2.182v19.636c0 1.2-.95 2.182-2.111 2.182H2.11C.95 24 0 23.018 0 21.818V2.182C0 .982.95 0 2.111 0H35.89z\" fill=\"#5A31F4\"><\/path><path d=\"M9.35 11.368c-1.017-.223-1.47-.31-1.47-.705 0-.372.306-.558.92-.558.54 0 .934.238 1.225.704a.079.079 0 00.104.03l1.146-.584a.082.082 0 00.032-.114c-.475-.831-1.353-1.286-2.51-1.286-1.52 0-2.464.755-2.464 1.956 0 1.275 1.15 1.597 2.17 1.82 1.02.222 1.474.31 1.474.705 0 .396-.332.582-.993.582-.612 0-1.065-.282-1.34-.83a.08.08 0 00-.107-.035l-1.143.57a.083.083 0 00-.036.111c.454.92 1.384 1.437 2.627 1.437 1.583 0 2.539-.742 2.539-1.98s-1.155-1.598-2.173-1.82v-.003zM15.49 8.855c-.65 0-1.224.232-1.636.646a.04.04 0 01-.069-.03v-2.64a.08.08 0 00-.08-.081H12.27a.08.08 0 00-.08.082v8.194a.08.08 0 00.08.082h1.433a.08.08 0 00.081-.082v-3.594c0-.695.528-1.227 1.239-1.227.71 0 1.226.521 1.226 1.227v3.594a.08.08 0 00.081.082h1.433a.08.08 0 00.081-.082v-3.594c0-1.51-.981-2.577-2.355-2.577zM20.753 8.62c-.778 0-1.507.24-2.03.588a.082.082 0 00-.027.109l.632 1.088a.08.08 0 00.11.03 2.5 2.5 0 011.318-.366c1.25 0 2.17.891 2.17 2.068 0 1.003-.736 1.745-1.669 1.745-.76 0-1.288-.446-1.288-1.077 0-.361.152-.657.548-.866a.08.08 0 00.032-.113l-.596-1.018a.08.08 0 00-.098-.035c-.799.299-1.359 1.018-1.359 1.984 0 1.46 1.152 2.55 2.76 2.55 1.877 0 3.227-1.313 3.227-3.195 0-2.018-1.57-3.492-3.73-3.492zM28.675 8.843c-.724 0-1.373.27-1.845.746-.026.027-.069.007-.069-.029v-.572a.08.08 0 00-.08-.082h-1.397a.08.08 0 00-.08.082v8.182a.08.08 0 00.08.081h1.433a.08.08 0 00.081-.081v-2.683c0-.036.043-.054.069-.03a2.6 2.6 0 001.808.7c1.682 0 2.993-1.373 2.993-3.157s-1.313-3.157-2.993-3.157zm-.271 4.929c-.956 0-1.681-.768-1.681-1.783s.723-1.783 1.681-1.783c.958 0 1.68.755 1.68 1.783 0 1.027-.713 1.783-1.681 1.783h.001z\" fill=\"#fff\"><\/path><\/svg>\n\n\n<\/div>","show_in_quickbuy":false}},"custom_liquid_qCKWgM":{"type":"custom-liquid","disabled":true,"settings":{"custom_liquid":"<style>\n  .sale-banner {\n    background-color: #fff5f5;\n    border: 1px solid #f5c2c2;\n    border-radius: 10px;\n    padding: 10px 15px;\n    font-size: 14px;\n    font-family: sans-serif;\n    color: #a50000;\n    font-weight: 400;\n    line-height: 1.4;\n  }\n\n  .sale-banner strong {\n    font-weight: 600;\n  }\n<\/style>\n\n<div class=\"sale-banner\">\n  <strong>URGENT SALE UPDATE: <\/strong> Stock is running out fast due to high demand.\n<\/div>","show_in_quickbuy":false}},"custom_liquid_XQVx67":{"type":"custom-liquid","settings":{"custom_liquid":"<div id='ss-product-videos'><\/div>","show_in_quickbuy":false}},"description":{"type":"description","settings":{"show_in_tab":true,"open_tab":false,"icon":"","show_in_quickbuy":false}},"accordion_rAFydi":{"type":"accordion","disabled":true,"settings":{"title":"Collapsible tab","icon":"","content":"<p>Denne herre poloshirt med lange ærmer er et alsidigt valg for dem, der søger et praktisk lag. Designet med knaplukning og lange ærmer giver komfort og er perfekt til daglig brug. Ideel at kombinere med bukser eller jakke, denne poloshirt med lange ærmer passer til ethvert outfit til arbejde eller fritid.<br\/><br\/><\/p><ul><li>Poloshirt med lange ærmer og knaplukning for et pænt udseende<\/li><li>Udstyret med ribkanter for ekstra komfort og en tætsiddende pasform<\/li><li>Alsidig at bære med bukser eller under en cardigan til daglig brug<\/li><\/ul>","page":"","custom_liquid":"","open":false,"show_in_quickbuy":false}},"accordion_THemG4":{"type":"accordion","settings":{"title":"Shipping Information","icon":"","content":"<p>We offer free delivery to the UK. Orders are processed within 1–3 working days, and you will receive a tracking number by email. For more details, please see our delivery policy.<\/p>","page":"","custom_liquid":"","open":false,"show_in_quickbuy":false}},"accordion_bbrHNc":{"type":"accordion","settings":{"title":"Retur information","icon":"","content":"<p>We offer a 14-day return or exchange policy if, for any reason, you are not satisfied with your order. For more information, please see our returns policy.<\/p>","page":"","custom_liquid":"","open":false,"show_in_quickbuy":false}},"complementary_MpUAE7":{"type":"complementary","settings":{"heading":"Complete the look:","enable_carousel":true,"max_products":10}},"custom_liquid_GETz9w":{"type":"custom-liquid","disabled":true,"settings":{"custom_liquid":"<div class=\"socialproof--kopstorm pr_proof\" style=\"display: flex; align-items: center; gap: 10px; font-family: -apple-system, BlinkMacSystemFont, 'Segoe UI', Roboto, sans-serif;\">\n  <div class=\"images\" style=\"display: flex;\">\n    <img src=\"https:\/\/cdn.shopify.com\/s\/files\/1\/0920\/8899\/2076\/files\/33f536fd7fa5fbe52b40e08945366649.png?v=1738790185\" style=\"width: 28px; height: 28px; border-radius: 50%; object-fit: cover; margin-right: -8px; border: 2px solid #fff;\">\n    <img src=\"https:\/\/cdn.shopify.com\/s\/files\/1\/0920\/8899\/2076\/files\/e9495e47e13cb6e7c5e3b0c4d2f93e1c.png?v=1738790186\" style=\"width: 28px; height: 28px; border-radius: 50%; object-fit: cover; margin-right: -8px; border: 2px solid #fff;\">\n    <img src=\"https:\/\/cdn.shopify.com\/s\/files\/1\/0920\/8899\/2076\/files\/ba908723977528d372f89088ba259513.png?v=1738790185\" style=\"width: 28px; height: 28px; border-radius: 50%; object-fit: cover; border: 2px solid #fff;\">\n  <\/div>\n  <div class=\"text\" style=\"display: flex; flex-direction: column; justify-content: center; font-size: 13.5px; line-height: 1.2;\">\n    <div style=\"display: flex; align-items: center;\">\n      <strong style=\"font-weight: 600;\">Bella Hadid, Hailey Bieber<\/strong>\n      <svg style=\"margin-left: 4px;\" width=\"13\" height=\"13\" viewBox=\"0 0 13 13\" fill=\"none\" xmlns=\"http:\/\/www.w3.org\/2000\/svg\">\n        <path d=\"M6.63683 0.599365C3.36623 0.599365 0.690277 3.27532 0.690277 6.54592C0.690277 9.81653 3.36623 12.4925 6.63683 12.4925C9.90744 12.4925 12.5834 9.81653 12.5834 6.54592C12.5834 3.27532 9.90744 0.599365 6.63683 0.599365ZM5.50699 9.34081L3.0689 6.90272L3.96088 6.01073L5.50699 7.55684L9.37225 3.69158L10.2642 4.58356L6.10164 8.74615L5.50699 9.34081Z\" fill=\"#0095F6\"\/>\n      <\/svg>\n    <\/div>\n    <span style=\"color: #333;\">and 100k+ others wear AB Jewelry<\/span>\n  <\/div>\n<\/div>","show_in_quickbuy":false}}},"block_order":["custom_liquid_x34Mqi","title","price","divider","variant-picker","divider_DXGFAR","custom_liquid_GeUJfm","buy-buttons","custom_liquid_JGWfTt","custom_liquid_qCKWgM","custom_liquid_XQVx67","description","accordion_rAFydi","accordion_THemG4","accordion_bbrHNc","complementary_MpUAE7","custom_liquid_GETz9w"],"custom_css":["button {font-weight: bold;}",".opt-label__media > .img-ar > .theme-img {position: inherit !important;}",".opt-label__media > .img-ar::before {padding: 0 !important;}"],"settings":{"show_breadcrumbs":false,"select_first_variant":true,"show_location_underneath":false,"inventory_transfers_enable":true,"enable_sticky_columns":false,"enable_sticky_atc":true,"sticky_atc_position":"center","sticky_atc_mobile":true,"sticky_atc_behavior":"add_to_cart","sticky_atc_button_style":"primary","gallery_size":"medium","gallery_layout":"carousel-beside","enable_zoom":true,"show_alt_text":false,"alt_text_icon":"","enable_video_autoplay":true,"enable_video_looping":true,"enable_media_grouping":false,"media_grouping_option":"Color,Colour,Couleur,Farbe"}},"featured_collection_zkWGAc":{"type":"featured-collection","settings":{"title":"YOU MAY ALSO LIKE","collection":"old-money-winter-2025","show_vendor":false,"enable_carousel":true,"grid":4,"rows":1,"color_scheme":"default","show_view_all":false,"full_width":true}},"related-products":{"type":"related-products","disabled":true,"settings":{"title":"You may also like","show_vendor":false,"grid":4}},"1748613068eeb0c65a":{"type":"apps","settings":{"full_width":true,"show_space":false}},"1760808275491b0d50":{"type":"apps","blocks":{"kiwi_size_chart_recommender_kiwi_sizing_NCDdxh":{"type":"shopify:\/\/apps\/kiwi-size-chart-recommender\/blocks\/kiwiSizing\/b7369922-bf15-44ce-a121-a22a8fcbc4b0","settings":{"product":"{{product}}","waitForElementSelector":"","waitForElementDelay":5}}},"block_order":["kiwi_size_chart_recommender_kiwi_sizing_NCDdxh"],"settings":{"full_width":false,"show_space":true}}},"order":["main","featured_collection_zkWGAc","related-products","1748613068eeb0c65a","1760808275491b0d50"]}