{"type":"footer","name":"t:global20240603122814.name_403","sections":{"cross-page-promos":{"type":"cross-page-promos","blocks":{"1478526632862":{"type":"icon","settings":{"icon":"star","text":"Waterproof & Tarnish-Free","link_url":""}},"1478526645605":{"type":"icon","settings":{"icon":"leaf","text":"Hypoallergenic & Skin-Safe","link_url":""}},"1478526647261":{"type":"icon","settings":{"icon":"plane","text":"Fast Worldwide Shipping","link_url":""}},"1478527611164":{"type":"icon","settings":{"icon":"award","text":"Lifetime Color Warranty","link_url":""}}},"block_order":["1478526632862","1478526645605","1478526647261","1478527611164"],"disabled":true,"custom_css":[],"settings":{"cross_page_promo_bg":"#ffffff","cross_page_promo_color":"#454564","show_on_home_page":true}},"footer":{"type":"footer","blocks":{"1601308656020":{"type":"newsletter","disabled":true,"settings":{"title":"","text":"<p>Tilmeld dig vores nyhedsbrev og hold dig opdateret om tilbud og nye produkter.<\/p>","button_style":"primary","show_social_icons":false,"soc_icons_large":false}},"menu_NCfxPn":{"type":"menu","settings":{"title":"Menu","menu":"main-menu"}},"menu_t7G4bN":{"type":"menu","settings":{"title":"Notre politique","menu":"footer"}},"text_rm9e4h":{"type":"text","settings":{"title":"Informations sur l’entreprise","text":"<p><strong>CInformations de contact<\/strong><br\/><br\/>Vous avez des questions ? N’hésitez pas à nous contacter:<\/p><p><strong>Nom du magasin :<\/strong> MaisonRoyaleParis<br\/><br\/><strong>Téléphone :<\/strong> +31 614069051<br\/><br\/><strong>E-mail :<\/strong> <a>info@maisonroyaleparis.com<\/a><br\/><br\/><strong>Page de contact :<\/strong> Contact<br\/><br\/><strong>Adresse postale :<\/strong> Randmeerstraat 130, 2162LN, Lisse, Pays-Bas<br\/><br\/><strong>Numéro de la Chambre de commerce (CVR):<\/strong> 96746203<br\/><br\/><strong>Numéro de TVA :<\/strong> NL253153104B01<\/p><p>Nous nous efforçons de répondre à votre e-mail dans un délai de 24 heures.<\/p><p><strong>Heures d’ouverture du service client :<\/strong><br\/><br\/>Lundi à vendredi : 09h00 – 20h00<br\/><br\/>Samedi : 09h00 – 18h00<\/p>","image_width":100,"show_social_icons":false,"soc_icons_large":false,"enable_follow_on_shop":false}}},"block_order":["1601308656020","menu_NCfxPn","menu_t7G4bN","text_rm9e4h"],"settings":{"lower_menu":"","show_powered_by":false,"show_payment_icons":true,"enable_country_selector":false,"enable_language_selector":false}}},"order":["cross-page-promos","footer"]}