{"type":"header","name":"t:global20240603122814.name_432","sections":{"announcement-bar":{"type":"announcement-bar","blocks":{"announcement-1":{"type":"announcement","disabled":true,"settings":{"text":"<strong>SPRING SALE<\/strong>: BUY 1, GET 1 FREE","show_countdown":false,"hide_on_end":false,"end_date":"","end_time":"","number_font":"base","countdown_separator":"box","use_custom_colors":false,"bg_color":"#202020","bg_gradient":"","text_color":"#ffffff"}},"announcement_chMKT3":{"type":"announcement","disabled":true,"settings":{"text":"Announce <a href=\"#\">something<\/a> here","show_countdown":false,"hide_on_end":false,"end_date":"","end_time":"","number_font":"base","countdown_separator":"box","use_custom_colors":false,"bg_color":"#4a4a4a","bg_gradient":"","text_color":"#ffffff"}},"announcement-2":{"type":"announcement","settings":{"text":"LIVRAISON GRATUITE EN FRANCE POUR TOUTES LES COMMANDES","show_countdown":false,"hide_on_end":false,"end_date":"","end_time":"","number_font":"base","countdown_separator":"box","use_custom_colors":false,"bg_color":"#f4f6f8","bg_gradient":"","text_color":"#4c4c4b"}}},"block_order":["announcement-1","announcement_chMKT3","announcement-2"],"settings":{"message_font_size":11,"announcement_bar_col":"#2c5f3e","announcement_bar_gradient":"","announcement_text_col":"#ffffff","show_social_icons":false,"menu":"","enable_country_selector":false,"enable_language_selector":false}},"header":{"type":"header","settings":{"logo":"shopify:\/\/shop_images\/Screenshot_2025-10-24_at_17.19.56.png","logo_img_width_int":140,"mobile_logo_img_width_int":110,"logo_h1":true,"enable_sticky":true,"enable_transparent":false,"transparent_color":"#ffffff","menu_linklist":"main-menu","menu_layout":"inline-menu-left","nav_featured_link":"SALE","menu_linklist_mobile":"","mobile_expand_with_entire_link":true,"enable_mobile_promo_carousel":true,"enable_nav_mob_products":false,"nav_mob_products_title":"SALE","nav_mob_products_collection":"","enable_search":true,"search_recommendations_title":"","search_recommendations_menu":"","icon_strategy":"icons_only","cart_icon":"cart"}},"store-messages":{"type":"store-messages","blocks":{"1601308104445":{"type":"message","settings":{"heading":"","subheading":"WATERPROOF, HYPOALLERGENIC AND TARNISH RESISTANT.","link_url":""}},"message_3mL49e":{"type":"message","settings":{"heading":"","subheading":"LIFETIME COLOR GUARANTEE.","link_url":""}},"message_76tVrX":{"type":"message","settings":{"heading":"","subheading":"MADE TO HANDLE SALT, SWEAT AND SUNLIGHT.","link_url":""}}},"block_order":["1601308104445","message_3mL49e","message_76tVrX"],"disabled":true,"settings":{"head_not_home_only":true,"head_not_col_bg":"#f4f6f8","head_not_col_txt1":"#171717","head_not_col_txt2":"#4c4c4b","head_not_mob_show":true,"head_not_mob_text":"Free shipping on orders over $100","head_not_mob_url":""}},"rich_text_FcYYpj":{"type":"rich-text","blocks":{"heading_jrmyct":{"type":"heading","settings":{"title":"Rich text","use_h1":false}},"text_HnptgP":{"type":"text","settings":{"text":"<p>Use this text to share information about your store with your customers. Describe products, share announcements, or welcome customers to your store.<\/p>","enlarge_text":true}}},"block_order":["heading_jrmyct","text_HnptgP"],"disabled":true,"name":"t:global20240603122814.name_370","settings":{"height":"medium","text_alignment":"center","full_width":false,"color_scheme":"default"}}},"order":["announcement-bar","header","store-messages","rich_text_FcYYpj"]}