{"sections":{"main":{"type":"main-404","disabled":true,"settings":{}},"slideshow_WqAjAF":{"type":"slideshow","blocks":{"image_JCzaJf":{"type":"image","settings":{"image":"shopify:\/\/shop_images\/f4732038507829744338aee73e9a6f20.jpg","slide_link":"","subheading":"","title":"Découvrez Maison Royale","heading_max_width":15,"title_size":84,"title_size_mobile":46,"use_h1":false,"text":"","enlarge_text":true,"button_label_1":"HOMME","button_url_1":"https:\/\/maisonroyaleparis.com\/collections\/la-collection-hiver-au-style-old-money","button_label_2":"FEMME","button_url_2":"https:\/\/maisonroyaleparis.com\/collections\/femme","text_alignment":"top center"}},"image_TBpapf":{"type":"image","disabled":true,"settings":{"image":"shopify:\/\/shop_images\/51b52e81683ac8802486f6cad0d36df6.jpg","slide_link":"","subheading":"Tell your story","title":"Slide heading","heading_max_width":15,"title_size":84,"title_size_mobile":46,"use_h1":false,"text":"<p>And optional subtext<\/p>","enlarge_text":true,"button_label_1":"Shop this","button_url_1":"","button_label_2":"Shop all","button_url_2":"","text_alignment":"center center"}}},"block_order":["image_JCzaJf","image_TBpapf"],"name":"t:global20240603122814.name_969","settings":{"height":"fixed","height_desktop":600,"height_mobile":460,"full_width":true,"mobile_overlay_under":false,"overlay_style":"shadow","transition":"fade","navigation":"arrows","autoplay":true,"autoplay_speed":7,"accessibility_info":""}},"rich_text_WQYTTc":{"type":"rich-text","blocks":{"heading_QkPtDT":{"type":"heading","settings":{"title":"Collection la plus vendue","use_h1":false}},"text_QU996J":{"type":"text","settings":{"text":"<p><em>Voici notre collection la plus vendue, appréciée pour son style et sa qualité exceptionnels.<\/em><\/p><h5><\/h5>","enlarge_text":true}}},"block_order":["heading_QkPtDT","text_QU996J"],"name":"t:global20240603122814.name_370","settings":{"height":"medium","text_alignment":"center","full_width":false,"color_scheme":"default"}},"gallery_YpCVg8":{"type":"gallery","blocks":{"media_6CNR6K":{"type":"media","settings":{"image":"shopify:\/\/shop_images\/mocha_2.webp","enlarge_media":true,"subheading":"","title":"Mocassin Daim","button_label":"Achetez maintenant","link":"","text_alignment":"bottom left"}},"media_kA7rjT":{"type":"media","disabled":true,"settings":{"enlarge_media":false,"subheading":"Gallery","title":"Tell your story","button_label":"","link":"","text_alignment":"bottom left"}},"media_xNzymM":{"type":"media","settings":{"image":"shopify:\/\/shop_images\/f83c0c78248dcabd8fce9bc684c2ce38.jpg","enlarge_media":false,"subheading":"","title":"Polos premium","button_label":"Achetez maintenant","link":"","text_alignment":"bottom left"}},"media_DJQci3":{"type":"media","settings":{"image":"shopify:\/\/shop_images\/lf-3_1.webp","enlarge_media":false,"subheading":"","title":"Pantalons","button_label":"Achetez maintenant","link":"https:\/\/maisonroyaleparis.com\/collections\/pantalon-travail-homme","text_alignment":"bottom left"}},"media_C6XgPp":{"type":"media","settings":{"image":"shopify:\/\/shop_images\/958f260130047a9b436d630a63a642a0.jpg","enlarge_media":true,"subheading":"","title":"Chemises","button_label":"Achetez maintenant","link":"","text_alignment":"bottom left"}}},"block_order":["media_6CNR6K","media_kA7rjT","media_xNzymM","media_DJQci3","media_C6XgPp"],"name":"t:global20240603122814.name_420","settings":{"grid_desktop":2,"grid_mobile":"1","height":"fixed","desktop_image_height":460,"mobile_image_height":400,"title_size":30,"title_size_mobile":22,"enable_margin":true,"enable_row_spacing":true,"full_width":false,"color_scheme":"default","enable_carousel":true,"overlay_style":"full","button_style":"link"}},"featured_collection_3yLjwX":{"type":"featured-collection","name":"t:global20240603122814.name_301","settings":{"title":"Collection de chaussures","collection":"collection-de-chaussures","show_vendor":false,"enable_carousel":false,"grid":4,"rows":2,"color_scheme":"default","show_view_all":true,"full_width":true}},"gallery_cDyyy7":{"type":"gallery","blocks":{"media_7RARyx":{"type":"media","settings":{"image":"shopify:\/\/shop_images\/4349f7b818d09cb34977ae775849f1111.jpg","enlarge_media":true,"subheading":"","title":"Noah dans notre nouvelle veste","button_label":"Shoppez notre nouvelle veste","link":"https:\/\/maisonroyaleparis.com\/products\/old-money-hunting-jacket","text_alignment":"bottom left"}},"media_pweMU9":{"type":"media","settings":{"image":"shopify:\/\/shop_images\/b60e4b83110bbd57ab685a0282df60cb.jpg","enlarge_media":false,"subheading":"","title":"Notre mannequin Léon porte le polo en cachemire.","button_label":"Acheter maintenant","link":"https:\/\/maisonroyaleparis.com\/products\/textured-knit-polo-sweater","text_alignment":"bottom left"}},"media_pQm4cD":{"type":"media","settings":{"image":"shopify:\/\/shop_images\/a8435e1de9b60003d22298d12be4475b_1.jpg","enlarge_media":false,"subheading":"","title":"Cardigan le plus vendu","button_label":"Découvrez le cardigan","link":"https:\/\/maisonroyaleparis.com\/collections\/cardigans","text_alignment":"bottom left"}},"media_Un7GiN":{"type":"media","settings":{"image":"shopify:\/\/shop_images\/cae8977699e7ae8c1f0ad8a31e8491b61_1.jpg","enlarge_media":true,"subheading":"","title":"Explorez notre collection de blazers","button_label":"Découvrez","link":"https:\/\/maisonroyaleparis.com\/collections\/blazer-homme","text_alignment":"bottom left"}}},"block_order":["media_7RARyx","media_pweMU9","media_pQm4cD","media_Un7GiN"],"name":"t:global20240603122814.name_420","settings":{"grid_desktop":2,"grid_mobile":"1","height":"fixed","desktop_image_height":460,"mobile_image_height":400,"title_size":30,"title_size_mobile":22,"enable_margin":true,"enable_row_spacing":true,"full_width":false,"color_scheme":"default","enable_carousel":true,"overlay_style":"full","button_style":"primary"}},"featured_collection_iMPjYy":{"type":"featured-collection","name":"t:global20240603122814.name_301","settings":{"title":"Collection De Polos","collection":"polo-old-money","show_vendor":false,"enable_carousel":false,"grid":4,"rows":2,"color_scheme":"default","show_view_all":true,"full_width":true}},"shop_the_look_YGhngq":{"type":"shop-the-look","blocks":{"subheading_VJf669":{"type":"subheading","settings":{"subheading":"Maison royale paris"}},"heading_tgjbFy":{"type":"heading","settings":{"title":"Shoppez le look","heading_max_width":10,"title_size":56,"title_size_mobile":26,"use_h1":false}},"text_qP7kAC":{"type":"text","settings":{"text":"<p><em><strong>Les tenues au style old money signées.<\/strong><\/em><\/p>","enlarge_text":true}}},"block_order":["subheading_VJf669","heading_tgjbFy","text_qP7kAC"],"name":"t:global20240603122814.name_959","settings":{"image":"shopify:\/\/shop_images\/babf87f4fad46651a693a784fae6a86a_1.jpg","mobile_image":"shopify:\/\/shop_images\/babf87f4fad46651a693a784fae6a86a_f589556c-405c-4650-bd35-f0582e1643af.jpg","video_external":"","video_description":"","height":"fixed","height_desktop":600,"height_mobile":460,"product_list":["old-money-trench","pantalon-homme-costume","premium-suede-loafers-black-soles","old-money-classic-shirt"],"products_alignment":"bottom right","product_card_layout":"landscape","show_swatches":false,"full_width":true,"text_alignment":"top right","mobile_overlay_over":false,"overlay_style":"shadow"}},"featured_collection_XMaqUB":{"type":"featured-collection","name":"t:global20240603122814.name_301","settings":{"title":"Collection De Pulls","collection":"pull","show_vendor":false,"enable_carousel":false,"grid":5,"rows":2,"color_scheme":"default","show_view_all":true,"full_width":true}},"gallery_RyCE8c":{"type":"gallery","blocks":{"media_aKPnqA":{"type":"media","settings":{"image":"shopify:\/\/shop_images\/beige_1.webp","enlarge_media":true,"subheading":"","title":"Mocassins Pour Femmes","button_label":"Acheter maintenant","link":"shopify:\/\/collections\/mocassins-pour-femmes","text_alignment":"bottom left"}},"media_WwFXBb":{"type":"media","settings":{"image":"shopify:\/\/shop_images\/chich_shirt_2.webp","enlarge_media":false,"subheading":"","title":"Chemises Chics Pour Femmes","button_label":"Acheter maintenant","link":"shopify:\/\/collections\/lady-shirts","text_alignment":"bottom left"}},"media_mnEFBN":{"type":"media","settings":{"image":"shopify:\/\/shop_images\/beige_3r.webp","enlarge_media":false,"subheading":"","title":"Pantalon Pour Femmes","button_label":"Acheter maintenant","link":"https:\/\/maisonroyaleparis.com\/collections\/wide-pantalon-collections","text_alignment":"bottom left"}},"media_fyNeke":{"type":"media","settings":{"image":"shopify:\/\/shop_images\/uf-4.webp","enlarge_media":true,"subheading":"","title":"Ceinture Fine Pour Femmes","button_label":"Acheter maintenant","link":"https:\/\/maisonroyaleparis.com\/products\/vintage-slim-belt","text_alignment":"bottom left"}}},"block_order":["media_aKPnqA","media_WwFXBb","media_mnEFBN","media_fyNeke"],"name":"t:global20240603122814.name_420","settings":{"grid_desktop":2,"grid_mobile":"1","height":"fixed","desktop_image_height":460,"mobile_image_height":400,"title_size":30,"title_size_mobile":22,"enable_margin":true,"enable_row_spacing":true,"full_width":false,"color_scheme":"default","enable_carousel":true,"overlay_style":"full","button_style":"primary"}},"collapsible_tabs_zdGqhb":{"type":"collapsible-tabs","blocks":{"question_GgwUcD":{"type":"question","settings":{"title":"Quel est le délai de livraison ?","answer":"<p>Votre commande sera traitée et expédiée sous 24 heures à 3 jours. La livraison, gratuite, peut varier selon les produits : certains sont livrés en 8 jours seulement, tandis que d'autres peuvent prendre jusqu'à 20 jours ouvrés.<\/p><p>Si vous souhaitez savoir si un produit sera livré dans les 8 jours ou si cela prendra plus de temps, veuillez nous contacter.<\/p><p><\/p><p>\/!\\ Nous ne rembourserons pas les commandes dont le motif de retour est le délai de livraison, si ce dernier n'a pas été retardé.<\/p>"}},"question_cFtyA6":{"type":"question","settings":{"title":"Comment choisir la bonne taille ?","answer":"<p>Pour choisir la bonne taille lors de l'achat d'un produit, il est essentiel de consulter le tableau des tailles fourni dans la description du produit. Veuillez noter que nos tailles sont généralement plus petites que les normes européennes. Prenez donc le temps de mesurer précisément et de comparer vos mesures avec les instructions fournies pour vous assurer d'une entière satisfaction.<\/p>"}},"question_btpEEE":{"type":"question","settings":{"title":"Comment puis-je suivre mon colis ?","answer":"<p>Vous pouvez suivre votre livraison en direct via le lien suivant : <a href=\"https:\/\/style-old-money.com\/apps\/suivre-ma-commande\" target=\"_blank\" title=\"Suivez votre ancien mandat\">Suivre ma commande<\/a> .<\/p>"}},"question_fTkGWV":{"type":"question","settings":{"title":"Mes données sont-elles en sécurité ?","answer":"<p>Chez Maison Royale Paris, vos informations ne seront ni partagées ni vendues. Nous les utilisons uniquement pour vous contacter afin d'assurer le bon traitement de votre commande ou pour vous tenir informé(e) des dernières actualités si vous êtes abonné(e) à notre newsletter.<\/p>"}}},"block_order":["question_GgwUcD","question_cFtyA6","question_btpEEE","question_fTkGWV"],"name":"t:global20240603122814.name_174","settings":{"title":"Questions fréquemment posées"}}},"order":["main","slideshow_WqAjAF","rich_text_WQYTTc","gallery_YpCVg8","featured_collection_3yLjwX","gallery_cDyyy7","featured_collection_iMPjYy","shop_the_look_YGhngq","featured_collection_XMaqUB","gallery_RyCE8c","collapsible_tabs_zdGqhb"]}