{"sections":{"main":{"type":"main-collection","custom_css":[".utility-bar {display: none;}"],"settings":{"image_position-1":3,"image_position-2":7,"image_position-3":21,"show_title":false,"show_image_behind_heading":true,"heading_image_height":"medium","overlay_style":"shadow","coll_desc_pos":"above","coll_num_per_page_int":24,"grid":4,"show_vendor":false,"show_total":false,"enable_filtering":false,"collapse_tag_sidebar_by_default":false,"collapse_filters_method":"over-12","show_filter_counts":false,"filter_two_columns":false,"button_grid_filter_name":"Size,Taille,Größe","auto_apply_hide_unavailable":false,"enable_sticky_filter":false,"show_sort":false,"sort_show_featured":false,"sort_show_best":false,"sort_show_alpha":false,"sort_show_price":false,"sort_show_date":false,"related_collections":[],"related_collections_style":"buttons","rel_coll_gall_aspect_ratio":"0.8","image_position":"center center","rel_coll_gall_enable_margin":true,"rel_coll_gall_full_width":false,"rel_coll_gall_overlay_style":"full","rel_coll_gall_text_alignment":"center center","rel_coll_grid_mobile":"2"}},"rich_text_qifJeG":{"type":"rich-text","blocks":{"heading_mX7i8U":{"type":"heading","settings":{"title":"Découvrez nos collections","use_h1":false}},"text_aRLCEY":{"type":"text","settings":{"text":"<p><em>Plongez dans l’univers raffiné de Maison Royale Paris, où l’élégance intemporelle rencontre le savoir-faire français. Chaque pièce est conçue pour sublimer votre style avec distinction.<\/em><\/p>","enlarge_text":true}}},"block_order":["heading_mX7i8U","text_aRLCEY"],"name":"t:global20240603122814.name_370","settings":{"height":"medium","text_alignment":"center","full_width":false,"color_scheme":"default"}},"gallery_9E7AYF":{"type":"gallery","blocks":{"media_EiNmCQ":{"type":"media","settings":{"image":"shopify:\/\/shop_images\/mocha_2.webp","enlarge_media":true,"subheading":"Mocassins en daim Old Money","title":"Chaussures en cuir et daim faites à la main, le genre qui ne fait que s’embellir avec le temps.","button_label":"Achetez maintenant","link":"https:\/\/maisonroyaleparis.com\/collections\/mocassin-daim","text_alignment":"bottom center"}},"media_6Ahiyz":{"type":"media","settings":{"image":"shopify:\/\/shop_images\/f83c0c78248dcabd8fce9bc684c2ce38.jpg","enlarge_media":false,"subheading":"Polos Old Money","title":"Le polo classique, taillé avec précision. Pour les journées chaudes et une confiance discrète.","button_label":"Achetez maintenant","link":"https:\/\/maisonroyaleparis.com\/collections\/polo-old-money","text_alignment":"bottom left"}},"media_Lh6m7W":{"type":"media","settings":{"image":"shopify:\/\/shop_images\/lf-3.webp","enlarge_media":false,"subheading":"Pantalons Old Money","title":"Pantalons qui bougent avec vous. Que vous soyez dehors ou simplement élégamment habillé chez vous.","button_label":"Achetez maintenant","link":"https:\/\/maisonroyaleparis.com\/collections\/pantalon-travail-homme","text_alignment":"bottom left"}},"media_Br3EVG":{"type":"media","settings":{"image":"shopify:\/\/shop_images\/958f260130047a9b436d630a63a642a0.jpg","enlarge_media":true,"subheading":"Tops Old Money","title":"Chemises impeccables et superpositions douces — conçues pour bien se porter et mieux vieillir.","button_label":"Achetez maintenant","link":"https:\/\/maisonroyaleparis.com\/collections\/tops-old-money","text_alignment":"bottom left"}}},"block_order":["media_EiNmCQ","media_6Ahiyz","media_Lh6m7W","media_Br3EVG"],"name":"t:global20240603122814.name_420","settings":{"grid_desktop":2,"grid_mobile":"1","height":"fixed","desktop_image_height":460,"mobile_image_height":400,"title_size":30,"title_size_mobile":22,"enable_margin":true,"enable_row_spacing":true,"full_width":false,"color_scheme":"default","enable_carousel":true,"overlay_style":"full","button_style":"link"}}},"order":["main","rich_text_qifJeG","gallery_9E7AYF"]}