{"sections":{"main":{"type":"main-page","disabled":true,"settings":{"show_page_title":true,"full_width":false}},"image_with_text_overlay_wF9cJP":{"type":"image-with-text-overlay","blocks":{"subheading_jmw47P":{"type":"subheading","settings":{"subheading":""}},"heading_HU4TJb":{"type":"heading","settings":{"title":"Returns Guide","heading_max_width":15,"title_size":72,"title_size_mobile":32,"use_h1":true}},"text_8nUtzF":{"type":"text","settings":{"text":"<p>Follow our step-by-step guide to making a return<\/p>","enlarge_text":true}}},"block_order":["subheading_jmw47P","heading_HU4TJb","text_8nUtzF"],"disabled":true,"settings":{"height":"fixed","height_desktop":600,"height_mobile":460,"image_link":"","full_width":true,"text_alignment":"center center","mobile_overlay_under":false,"overlay_style":"shadow"}},"rich_text_xYHxUX":{"type":"rich-text","blocks":{"heading_GcfAjR":{"type":"heading","disabled":true,"settings":{"title":"Politique de retour et de remboursement","use_h1":false}},"text_m7xMFX":{"type":"text","settings":{"text":"<h2><em><strong>Politique de retour et de remboursement – MaisonRoyaleParis (France)<\/strong><\/em><\/h2><p><em>Chez MaisonRoyaleParis, votre satisfaction est notre priorité.<br\/>Si vous n’êtes pas entièrement satisfait(e) de votre achat ou si vous avez commandé la mauvaise taille, vous pouvez retourner ou échanger votre commande dans les 14 jours suivant sa réception.<\/em><\/p><h3><em>Conditions générales de retour<\/em><\/h3><p><em><br\/>Les retours sont acceptés dans un délai de 14 jours à compter de la réception du produit.<br\/><br\/>Les articles doivent être non utilisés, non endommagés et dans leur emballage d’origine.<br\/><br\/>Veuillez inclure le reçu original ou une preuve d’achat dans le colis.<br\/><\/em><\/p><h3><em>Quels articles peuvent être retournés ?<\/em><\/h3><p><em><br\/>Les articles commandés par erreur peuvent être retournés s’ils sont neufs et dans leur emballage d’origine.<br\/><br\/>Les produits personnalisés ou sur mesure ne peuvent pas être retournés.<br\/><\/em><\/p><h3><em>Les frais de retour sont-ils à ma charge ?<\/em><\/h3><p><em>Oui. Les frais d’expédition pour le retour sont à la charge du client.<br\/>Nous recommandons fortement d’expédier le colis avec un numéro de suivi, car nous ne pouvons être tenus responsables des colis perdus lors du transport retour.<\/em><\/p><h3><em>Puis-je retourner un produit sans vous contacter au préalable ?<\/em><\/h3><p><em>Non.<br\/>Veuillez nous contacter avant tout retour afin d’obtenir les instructions et l’adresse de retour correcte, qui peut différer de l’adresse d’expédition initiale.<\/em><\/p><h3><em>Ma commande est arrivée endommagée — que faire ?<\/em><\/h3><p><em>Merci de nous envoyer une photo ou une courte vidéo montrant clairement le dommage ou le défaut de qualité.<br\/>Idéalement, placez le produit sur une surface plane de manière à ce que le logo de la marque et le défaut soient visibles.<\/em><\/p><p><em>Cela nous aide à traiter votre réclamation plus rapidement et à améliorer nos processus.<br\/>Veuillez nous contacter dans les 14 jours suivant la réception du produit endommagé.<\/em><\/p><h3><em>Retour en 4 étapes simples<\/em><\/h3><p><em><br\/>📧 Envoyez un e-mail à <\/em><a><em>info@maisonroyale-paris.com<\/em><\/a><em> pour demander un formulaire de retour.<br\/>Lisez attentivement les conditions figurant sur ce formulaire avant d’expédier votre produit.<br\/><\/em><\/p><p><em><br\/>Remplissez le formulaire de retour dans son intégralité.<br\/><\/em><\/p><p><em><br\/>Expédiez votre commande accompagnée du formulaire complété à l’adresse de retour indiquée.<br\/>Vous êtes responsable des frais d’expédition et du suivi du colis.<br\/><\/em><\/p><p><em><br\/>Dès réception de votre colis, nous procéderons au remboursement dans un délai de 5 jours ouvrables sur votre moyen de paiement initial.<br\/><\/em><\/p><h3><em>Échange d’articles en 4 étapes simples<\/em><\/h3><p><em><br\/>📧 Envoyez un e-mail à <\/em><a><em>info@maisonroyale-paris.com<\/em><\/a><em> avec des photos ou une courte vidéo du produit défectueux et une brève description du problème.<br\/><\/em><\/p><p><em><br\/>Notre équipe analysera votre demande sur la base des images ou vidéos fournies.<br\/><\/em><\/p><p><em><br\/>Une fois la demande approuvée, nous vous enverrons un produit de remplacement gratuitement.<br\/><\/em><\/p><p><em><br\/>Notre service client vous communiquera le numéro de suivi de la nouvelle expédition.<br\/><\/em><\/p><h3><em>Remboursements<\/em><\/h3><p><em><br\/>Une fois votre retour reçu et vérifié (produit non ouvert, non utilisé), nous procéderons au remboursement intégral sur le mode de paiement initial.<br\/><br\/>Veuillez nous fournir le numéro de suivi dès l’expédition de votre retour afin d’accélérer le traitement.<br\/><br\/>Le remboursement peut prendre 3 à 5 jours ouvrables pour apparaître sur votre compte, selon votre établissement bancaire.<br\/><\/em><\/p><h3><em>Nous contacter<\/em><\/h3><p><em>Si vous avez des questions, n’hésitez pas à nous contacter :<\/em><\/p><p><em>Nom de la boutique : MaisonRoyaleParis<br\/>📞 Téléphone : +31 614069051<br\/>📧 Email : <\/em><a><em>info@maisonroyaleparis.com<\/em><\/a><em><br\/>📩 Formulaire de contact : [Cliquez ici]<\/em><\/p><p><em>Adresse de correspondance :<br\/>MaisonRoyaleParis, Randmeerstraat 130, 2162LN, Lisse, Pays-Bas<\/em><\/p><p><em>Numéro d’enregistrement (CVR) : 96746203<br\/>Numéro de TVA : NL253153104B01<\/em><\/p><p><em>Nous visons à répondre à tous les e-mails dans un délai de 24 heures.<\/em><\/p><h3><em>Horaires du service client<\/em><\/h3><p><em>Lundi à Vendredi : 09h00 – 20h00<br\/>Samedi : 09h00 – 18h00<\/em><\/p>","enlarge_text":true}}},"block_order":["heading_GcfAjR","text_m7xMFX"],"settings":{"height":"medium","text_alignment":"center","full_width":false,"color_scheme":"1"}},"image_with_text_EWRmm6":{"type":"image-with-text","blocks":{"subheading_WRmdJj":{"type":"subheading","settings":{"subheading":"Step One"}},"heading_bwNNXe":{"type":"heading","settings":{"title":"Create a returns label","use_h1":false}},"text_mkPBj9":{"type":"text","settings":{"text":"<p>Description of this step for processing a return.<\/p>","enlarge_text":false}}},"block_order":["subheading_WRmdJj","heading_bwNNXe","text_mkPBj9"],"disabled":true,"settings":{"image_width":700,"image_link":"","image_position":"left","text_alignment":"left","color_scheme":"default"}},"image_with_text_zK74RN":{"type":"image-with-text","blocks":{"subheading_gg7ndR":{"type":"subheading","settings":{"subheading":"Step Two"}},"heading_d7Adz7":{"type":"heading","settings":{"title":"Print your label","use_h1":false}},"text_DRgW3F":{"type":"text","settings":{"text":"<p>Description of this step for processing a return.<\/p>","enlarge_text":false}}},"block_order":["subheading_gg7ndR","heading_d7Adz7","text_DRgW3F"],"disabled":true,"settings":{"image_width":700,"image_link":"","image_position":"right","text_alignment":"left","color_scheme":"1"}},"image_with_text_89N96B":{"type":"image-with-text","blocks":{"subheading_RGtaT7":{"type":"subheading","settings":{"subheading":"Step Three"}},"heading_PtVaWc":{"type":"heading","settings":{"title":"Bag it up","use_h1":false}},"text_H4MMUb":{"type":"text","settings":{"text":"<p>Description of this step for processing a return.<\/p>","enlarge_text":false}}},"block_order":["subheading_RGtaT7","heading_PtVaWc","text_H4MMUb"],"disabled":true,"settings":{"image_width":700,"image_link":"","image_position":"left","text_alignment":"left","color_scheme":"default"}},"image_with_text_3j6bBi":{"type":"image-with-text","blocks":{"subheading_aP7txq":{"type":"subheading","settings":{"subheading":"Step Four"}},"heading_dBcMYi":{"type":"heading","settings":{"title":"Drop it off","use_h1":false}},"text_WxpaiA":{"type":"text","settings":{"text":"<p>Description of this step for processing a return.<\/p>","enlarge_text":false}}},"block_order":["subheading_aP7txq","heading_dBcMYi","text_WxpaiA"],"disabled":true,"settings":{"image_width":700,"image_link":"","image_position":"right","text_alignment":"left","color_scheme":"1"}},"faq_header_wMhwag":{"type":"faq-header","disabled":true,"settings":{"title":"Returns FAQs","use_h1":false,"text":"","show_search":false,"show_index":false,"index_heading":"How can we help?"}},"collapsible_tabs_T3CtBB":{"type":"collapsible-tabs","blocks":{"question_MaLPNf":{"type":"question","settings":{"title":"Question","answer":"<p>Answer<\/p>"}},"question_WrriD8":{"type":"question","settings":{"title":"Question","answer":"<p>Answer<\/p>"}}},"block_order":["question_MaLPNf","question_WrriD8"],"disabled":true,"settings":{"title":"Collapsible tabs"}},"collapsible_tabs_FAbMDN":{"type":"collapsible-tabs","blocks":{"question_7CTQQD":{"type":"question","settings":{"title":"Question","answer":"<p>Answer<\/p>"}},"question_4D86Qg":{"type":"question","settings":{"title":"Question","answer":"<p>Answer<\/p>"}}},"block_order":["question_7CTQQD","question_4D86Qg"],"disabled":true,"settings":{"title":"Collapsible tabs"}},"contact_form_akYenb":{"type":"contact-form","blocks":{"name_input_By4fME":{"type":"name_input","settings":{"half_width":true}},"custom_input_AwfLmE":{"type":"custom_input","settings":{"title":"Order Number","type":"text","required":false,"half_width":true}},"phone_input_47T7NL":{"type":"phone_input","settings":{"required":false,"half_width":true}},"email_input_KVyGVU":{"type":"email_input","settings":{"half_width":true}},"message_input_n8bqWX":{"type":"message_input","settings":{"half_width":false}}},"block_order":["name_input_By4fME","custom_input_AwfLmE","phone_input_47T7NL","email_input_KVyGVU","message_input_n8bqWX"],"disabled":true,"settings":{"contact_title":"Need more help with your returns?","contact_text":"<p>Use the form below to contact us and we will be sure to help you as quickly as possible<\/p>","color_scheme":"default"}},"map_mbHWUC":{"type":"map","disabled":true,"settings":{"full_width":true,"color_scheme":"1","heading":"Our store","address":"<p>123 Fake St.<br\/>Toronto, Canada<\/p><p>Mon - Fri, 10am - 9pm<br\/>Saturday, 11am - 9pm<br\/>Sunday, 11am - 5pm<\/p>","button":"Directions","show_pin":true,"show_feature_image":true,"map_address":"80 Spadina Ave, Toronto","api_key":"","map_type":"embed","map_style":"silver"}}},"order":["main","image_with_text_overlay_wF9cJP","rich_text_xYHxUX","image_with_text_EWRmm6","image_with_text_zK74RN","image_with_text_89N96B","image_with_text_3j6bBi","faq_header_wMhwag","collapsible_tabs_T3CtBB","collapsible_tabs_FAbMDN","contact_form_akYenb","map_mbHWUC"]}