{"sections":{"main":{"type":"main-page","disabled":true,"settings":{"show_page_title":true,"full_width":false}},"rich_text_4wiE6c":{"type":"rich-text","blocks":{"heading_Jntnkc":{"type":"heading","settings":{"title":"Rich text","use_h1":false}},"text_6dWXgt":{"type":"text","settings":{"text":"<h2><em>Politique de confidentialité – MaisonRoyaleParis (France)<\/em><\/h2><p><em>Dernière mise à jour : 17 août 2025<\/em><\/p><p><em>Dans la présente Politique de confidentialité, nous expliquons comment MaisonRoyaleParis (« le Site », « nous », « notre » ou « nos ») collecte, utilise et divulgue vos informations personnelles lorsque vous visitez notre site web, utilisez nos services, effectuez un achat sur MaisonRoyaleParis (le « Site »), ou communiquez autrement avec nous à propos du Site (ensemble, les « Services »).<br\/>Les termes « vous » et « votre » désignent l’utilisateur des Services, qu’il s’agisse d’un client, d’un visiteur de notre site, ou de toute autre personne dont les données sont collectées conformément à cette Politique.<\/em><\/p><p><em>Merci de lire attentivement cette Politique de confidentialité.<\/em><\/p><h3><em>Modifications de cette politique<\/em><\/h3><p><em>Nous pouvons mettre à jour cette Politique de confidentialité de temps à autre, notamment pour refléter des changements dans nos pratiques ou pour des raisons opérationnelles, légales ou réglementaires.<br\/>Nous publierons la Politique révisée sur le Site, mettrons à jour la date indiquée sous « Dernière mise à jour » et prendrons toute autre mesure requise par la loi applicable.<\/em><\/p><h3><em>Collecte et utilisation de vos informations personnelles<\/em><\/h3><p><em>Pour fournir nos Services, nous collectons des informations personnelles à partir de différentes sources, comme décrit ci-dessous. Le type d’informations collectées dépend de votre interaction avec nous.<br\/>En plus des utilisations spécifiques énumérées, nous pouvons utiliser vos données personnelles pour communiquer avec vous, améliorer nos Services, respecter nos obligations légales, appliquer nos Conditions générales, et protéger nos droits ainsi que ceux de nos utilisateurs.<\/em><\/p><h3><em>Informations que nous collectons directement auprès de vous<\/em><\/h3><p><em>Les informations que vous nous fournissez directement via les Services peuvent inclure :<\/em><\/p><p><em><br\/>Informations de contact : nom, adresse, numéro de téléphone, adresse e-mail.<br\/><\/em><\/p><p><em><br\/>Informations de commande : nom, adresse de facturation et de livraison, confirmation de paiement, e-mail et numéro de téléphone.<br\/><\/em><\/p><p><em><br\/>Informations de compte : nom d’utilisateur, mot de passe, questions de sécurité, etc.<br\/><\/em><\/p><p><em><br\/>Informations de service client : détails partagés lors de vos communications avec nous.<br\/><\/em><\/p><p><em>Certaines fonctionnalités nécessitent que vous fournissiez des informations spécifiques. Vous pouvez refuser, mais cela peut limiter l’accès à certaines parties des Services.<\/em><\/p><h3><em>Informations collectées automatiquement<\/em><\/h3><p><em>Nous collectons automatiquement certaines données relatives à votre utilisation du Site (« Données d’utilisation ») à l’aide de cookies, pixels, et technologies similaires.<br\/>Ces données peuvent inclure : informations sur votre appareil, votre navigateur, votre adresse IP, votre connexion réseau et vos interactions avec le Site.<\/em><\/p><h3><em>Informations reçues de tiers<\/em><\/h3><p><em>Nous pouvons également recevoir des informations vous concernant de la part de tiers, notamment :<\/em><\/p><p><em><br\/>Nos prestataires techniques, tels que Shopify, qui héberge notre boutique.<br\/><\/em><\/p><p><em><br\/>Nos processeurs de paiement, qui collectent les informations nécessaires (ex. : carte bancaire, adresse de facturation) pour traiter vos paiements et livrer vos commandes.<br\/><\/em><\/p><p><em><br\/>Des partenaires publicitaires et analytiques, qui nous aident à améliorer nos services et à cibler nos communications marketing.<br\/><\/em><\/p><p><em>Toutes les données obtenues auprès de tiers sont traitées conformément à la présente Politique.<\/em><\/p><h3><em>Utilisation de vos informations personnelles<\/em><\/h3><h4><em>Fourniture de produits et services<\/em><\/h4><p><em>Nous utilisons vos données pour exécuter nos obligations contractuelles, notamment :<\/em><\/p><p><em><br\/>le traitement des paiements,<br\/><\/em><\/p><p><em><br\/>la préparation et la livraison des commandes,<br\/><\/em><\/p><p><em><br\/>la gestion de votre compte,<br\/><\/em><\/p><p><em><br\/>la communication relative aux transactions et au service client.<br\/><\/em><\/p><h4><em>Marketing et publicité<\/em><\/h4><p><em>Nous pouvons utiliser vos informations pour :<\/em><\/p><p><em><br\/>vous envoyer des e-mails promotionnels, SMS ou courriers postaux,<br\/><\/em><\/p><p><em><br\/>personnaliser les publicités et offres visibles sur notre Site et d’autres plateformes.<br\/><\/em><\/p><p><em>Conformément à l’article 6(1)(f) du RGPD du Royaume-Uni, cette utilisation repose sur notre intérêt légitime à promouvoir nos produits et services.<\/em><\/p><h4><em>Sécurité et prévention de la fraude<\/em><\/h4><p><em>Nous utilisons vos données pour détecter, enquêter et gérer les activités frauduleuses ou illégales, conformément à notre intérêt légitime de maintenir la sécurité du Site.<\/em><\/p><h4><em>Communication et amélioration des services<\/em><\/h4><p><em>Vos informations peuvent être utilisées pour assurer le support client et améliorer continuellement nos Services.<\/em><\/p><h3><em>Cookies<\/em><\/h3><p><em>Comme de nombreux sites web, nous utilisons des cookies.<br\/>Pour plus d’informations, consultez : <\/em><a href=\"https:\/\/www.shopify.com\/legal\/cookies\"><em>https:\/\/www.shopify.com\/legal\/cookies<\/em><\/a><em>.<\/em><\/p><p><em>Les cookies nous aident à :<\/em><\/p><p><em><br\/>améliorer le fonctionnement du Site,<br\/><\/em><\/p><p><em><br\/>mémoriser vos préférences,<br\/><\/em><\/p><p><em><br\/>analyser les comportements de navigation,<br\/><\/em><\/p><p><em><br\/>personnaliser les publicités.<br\/><\/em><\/p><p><em>Vous pouvez configurer votre navigateur pour refuser les cookies, mais cela peut altérer certaines fonctionnalités du Site.<\/em><\/p><h3><em>Divulgation de vos informations personnelles<\/em><\/h3><p><em>Nous pouvons partager vos informations avec :<\/em><\/p><p><em><br\/>Des prestataires de services (hébergement, traitement des paiements, livraison, support client).<br\/><\/em><\/p><p><em><br\/>Des partenaires commerciaux et marketing, conformément à leurs propres politiques de confidentialité.<br\/><\/em><\/p><p><em><br\/>Des affiliés ou filiales dans le cadre de la gestion opérationnelle.<br\/><\/em><\/p><p><em><br\/>Des autorités légales, pour se conformer à la loi ou protéger nos droits.<br\/><\/em><\/p><p><em><br\/>Dans le cadre d’une opération commerciale (fusion, acquisition, faillite, etc.).<br\/><\/em><\/p><p><em>Nous ne vendons pas vos données personnelles et ne les partageons pas sans votre consentement explicite.<\/em><\/p><h3><em>Sites tiers et liens externes<\/em><\/h3><p><em>Notre Site peut contenir des liens vers des sites externes.<br\/>Nous ne sommes pas responsables de leurs pratiques de confidentialité ni de la sécurité de leurs contenus.<br\/>Nous vous recommandons de consulter leurs politiques avant d’y partager vos données.<\/em><\/p><h3><em>Données des enfants<\/em><\/h3><p><em>Nos Services ne s’adressent pas aux enfants, et nous ne collectons pas sciemment leurs données.<br\/>Si vous êtes parent et pensez qu’un enfant nous a communiqué ses informations, contactez-nous pour demander leur suppression.<\/em><\/p><h3><em>Sécurité et conservation des données<\/em><\/h3><p><em>Nous mettons en œuvre des mesures de sécurité adaptées, mais aucune méthode n’est totalement sûre.<br\/>Nous conservons vos données aussi longtemps que nécessaire pour :<\/em><\/p><p><em><br\/>exécuter nos obligations contractuelles,<br\/><\/em><\/p><p><em><br\/>respecter la loi,<br\/><\/em><\/p><p><em><br\/>résoudre des litiges,<br\/><\/em><\/p><p><em><br\/>ou maintenir votre compte actif.<br\/><\/em><\/p><h3><em>Vos droits<\/em><\/h3><p><em>Selon votre lieu de résidence, vous pouvez bénéficier des droits suivants :<\/em><\/p><p><em><br\/>Droit d’accès à vos données.<br\/><\/em><\/p><p><em><br\/>Droit de rectification des informations inexactes.<br\/><\/em><\/p><p><em><br\/>Droit de suppression de vos données personnelles.<br\/><\/em><\/p><p><em><br\/>Droit à la portabilité des données.<br\/><\/em><\/p><p><em><br\/>Droit d’opposition au traitement à des fins marketing.<br\/><\/em><\/p><p><em><br\/>Droit de retirer votre consentement à tout moment.<br\/><\/em><\/p><p><em><br\/>Droit d’introduire une réclamation auprès de l’autorité compétente.<br\/><\/em><\/p><p><em>Vous pouvez exercer ces droits en nous contactant directement à l’adresse indiquée ci-dessous.<br\/>Nous répondrons dans les délais légaux applicables.<\/em><\/p><h3><em>Utilisateurs internationaux<\/em><\/h3><p><em>Vos données peuvent être transférées et stockées hors du pays où vous résidez.<br\/>Si un transfert s’effectue hors du Royaume-Uni, nous appliquons les clauses contractuelles types (SCC) ou d’autres garanties reconnues par la législation européenne et britannique.<\/em><\/p><h3><em>Nous contacter<\/em><\/h3><p><em>Si vous avez des questions ou souhaitez exercer vos droits, contactez-nous :<\/em><\/p><p><em>Nom du site : MaisonRoyaleParis<br\/>Nom de l’entreprise : MaisonRoyaleParis<br\/>📍 Adresse : Randmeerstraat 130, 2162LN, Lisse, Pays-Bas<br\/>📧 Email : <\/em><a><em>info@maisonroyaleparis.com<\/em><\/a><em><br\/>📩 Formulaire de contact : [<\/em><a href=\"https:\/\/maisonroyaleparis.com\/pages\/contact\" title=\"https:\/\/maisonroyaleparis.com\/pages\/contact\"><em>Cliquez ici<\/em><\/a><em>]<br\/>📞 Téléphone : +31 614069051<br\/>Numéro d’enregistrement (CVR) : 96746203<br\/>Numéro de TVA : NL253153104B01<\/em><\/p><p><em>🕒 Service client : Lundi à Vendredi, 09h00 – 17h00<\/em><\/p>","enlarge_text":true}}},"block_order":["heading_Jntnkc","text_6dWXgt"],"name":"t:global20240603122814.name_370","settings":{"height":"medium","text_alignment":"center","full_width":false,"color_scheme":"default"}},"collapsible_tabs_g387KW":{"type":"collapsible-tabs","blocks":{"question_FNmytX":{"type":"question","settings":{"title":"Hvad er leveringstiderne?","answer":"<p>Vi behandler din ordre inden for 1 til 3 arbejdsdage (mandag til fredag). Leveringen tager derefter 4 til 12 arbejdsdage. I alt modtager du normalt din ordre inden for 7 til 15 arbejdsdage. I travle perioder kan det tage lidt længere tid; vi informerer dig i så fald.<\/p>"}},"question_kQWgef":{"type":"question","settings":{"title":"Bliver der beregnet forsendelsesomkostninger?","answer":"<p>Nej, forsendelse er altid gratis, uanset beløbet på din ordre.<\/p>"}},"question_6XmAEQ":{"type":"question","settings":{"title":"Hvordan følger jeg min ordre?","answer":"<p>Når din ordre er afsendt, modtager du en e-mail med et trackingnummer. Du kan følge din pakke via vores tracking-side på hjemmesiden.<\/p>"}},"question_DeEGtL":{"type":"question","settings":{"title":"Kan jeg stadig ændre leveringsadressen?","answer":"<p>Ja, det er muligt, hvis pakken endnu ikke er afsendt. Send en e-mail til <a href=\"mailto:lynova.info@gmail.com\" title=\"mailto:lynova.info@gmail.com\">info@nordisk-mode.com<\/a>. Efter afsendelse er det desværre ikke længere muligt at ændre.<\/p>"}}},"block_order":["question_FNmytX","question_kQWgef","question_6XmAEQ","question_DeEGtL"],"disabled":true,"settings":{"title":"Forsendelse og levering"}},"collapsible_tabs_gqApJW":{"type":"collapsible-tabs","blocks":{"question_FrbkEP":{"type":"question","settings":{"title":"Hvad er returfristen?","answer":"<p>Du har 14 dage fra modtagelsen til at returnere varen. Du skal anmelde det på forhånd; uden anmeldelse behandler vi det ikke.<\/p>"}},"question_yDLQFC":{"type":"question","settings":{"title":"Hvilke betingelser skal returnerede produkter opfylde?","answer":"<p>Produkterne skal være ubrugte, uvaskede og ubeskadigede, med original emballage og mærker.<\/p>"}},"question_nB4HYf":{"type":"question","settings":{"title":"Hvordan anmelder jeg en returnering?","answer":"<p>Send en e-mail til<a href=\"mailto:lynova.info@gmail.com\" title=\"mailto:lynova.info@gmail.com\">l info@nordisk-mode.com <\/a>inden for 14 dage med dit ordrenummer og de pågældende varer. Vi sender dig et returformular og instruktioner.<\/p>"}},"question_dLTLFk":{"type":"question","settings":{"title":"Hvor lang tid tager tilbagebetalingen?","answer":"<p>Efter modtagelse og godkendelse: inden for 5-10 arbejdsdage via den oprindelige betalingsmetode.<\/p>"}}},"block_order":["question_FrbkEP","question_yDLQFC","question_nB4HYf","question_dLTLFk"],"disabled":true,"name":"t:global20240603122814.name_174","settings":{"title":"Returnering og refusion"}},"slideshow_tATidN":{"type":"slideshow","blocks":{"image_KBhRHn":{"type":"image","settings":{"image":"shopify:\/\/shop_images\/5918e129116e42b125c3825d7aded23c.jpg","slide_link":"","subheading":"Notre histoire","title":"L’art de vivre à la Maison Royale","heading_max_width":15,"title_size":84,"title_size_mobile":46,"use_h1":false,"text":"","enlarge_text":true,"button_label_1":"","button_url_1":"","button_label_2":"","button_url_2":"","text_alignment":"bottom center"}},"image_fnYtfi":{"type":"image","disabled":true,"settings":{"slide_link":"","subheading":"Tell your story","title":"Slide heading","heading_max_width":15,"title_size":84,"title_size_mobile":46,"use_h1":false,"text":"<p>And optional subtext<\/p>","enlarge_text":true,"button_label_1":"Shop this","button_url_1":"","button_label_2":"Shop all","button_url_2":"","text_alignment":"center center"}}},"block_order":["image_KBhRHn","image_fnYtfi"],"disabled":true,"name":"t:global20240603122814.name_969","settings":{"height":"fixed","height_desktop":600,"height_mobile":460,"full_width":true,"mobile_overlay_under":false,"overlay_style":"shadow","transition":"fade","navigation":"arrows","autoplay":true,"autoplay_speed":7,"accessibility_info":""}},"image_with_text_dWTf9r":{"type":"image-with-text","blocks":{"heading_7i3CnD":{"type":"heading","settings":{"title":"Comment tout a commencé","use_h1":false}},"heading_VmNJDH":{"type":"heading","disabled":true,"settings":{"title":"Image with text","use_h1":false}},"heading_mqBFee":{"type":"heading","disabled":true,"settings":{"title":"Image with text","use_h1":false}},"heading_qWxNER":{"type":"heading","disabled":true,"settings":{"title":"Image with text","use_h1":false}},"text_FCENKF":{"type":"text","settings":{"text":"<p><em>Maison Royale Paris, fondée par Oscar Minnaard, incarne la mode masculine intemporelle. Le véritable style n’est jamais bruyant, mais toujours durable. Chaque collection reflète une élégance naturelle, pensée pour les hommes qui privilégient la substance à l’apparence.<\/em><\/p><p><em>Nous collaborons avec les meilleurs ateliers européens, garantissant que chaque pièce perpétue la tradition du luxe discret. Des polos emblématiques aux pantalons sur mesure : chaque détail compte, chaque couture est intentionnelle.<\/em><\/p><p><em>Maison Royale Paris ne suit pas les tendances. Nos vêtements sont conçus pour durer et sublimer votre style, saison après saison.<\/em><\/p>","enlarge_text":false}},"button_JxVCDT":{"type":"button","disabled":true,"settings":{"button_label":"Button text","button_link":"","button_style":"primary"}}},"block_order":["heading_7i3CnD","heading_VmNJDH","heading_mqBFee","heading_qWxNER","text_FCENKF","button_JxVCDT"],"disabled":true,"name":"t:global20240603122814.name_511","settings":{"image":"shopify:\/\/shop_images\/1c5811472d2e5ee25b54440abe1166e8.jpg","image_width":700,"image_link":"","image_position":"left","text_alignment":"center","color_scheme":"default"}},"image_with_text_xHmKGW":{"type":"image-with-text","blocks":{"heading_DfhBpa":{"type":"heading","settings":{"title":"Là où la tradition rencontre la modernité","use_h1":false}},"text_ncF6JX":{"type":"text","settings":{"text":"<p><em>Chez <\/em><em><strong>Maison Royale Paris<\/strong><\/em><em>, nous célébrons l’héritage tout en embrassant un art de vivre moderne. Ici, l’équilibre prime : la sophistication discrète de la couture intemporelle se mêle à la fluidité et à la confiance du vêtement quotidien.<\/em><\/p><p><em>Nos collections sont conçues pour relier tradition et présent, proposant des pièces incontournables qui allient élégance et praticité, sans jamais en faire trop. Chaque création rend hommage à une esthétique durable, pensée avec soin, intention et attention aux détails.<\/em><\/p><p><em>Maison Royale Paris ne se limite pas à des vêtements — c’est une philosophie de raffinement, de force subtile et de style naturel. Il ne s’agit pas seulement de s’habiller pour une occasion, mais pour la vie elle-même. Avec nos pièces, vous avancez toujours avec confiance, saison après saison.<\/em><\/p>","enlarge_text":false}},"button_tyk6eV":{"type":"button","disabled":true,"settings":{"button_label":"Button text","button_link":"","button_style":"primary"}}},"block_order":["heading_DfhBpa","text_ncF6JX","button_tyk6eV"],"disabled":true,"name":"t:global20240603122814.name_511","settings":{"image":"shopify:\/\/shop_images\/e7defc5baf706c0081a1633a83cf6b4a.jpg","image_width":700,"image_link":"","image_position":"right","text_alignment":"left","color_scheme":"default"}},"featured_collection_rm8Lgb":{"type":"featured-collection","disabled":true,"name":"t:global20240603122814.name_301","settings":{"title":"Nos meilleures ventes","collection":"nos-best-sellers","show_vendor":false,"enable_carousel":true,"grid":4,"rows":1,"color_scheme":"default","show_view_all":true,"full_width":true}},"collapsible_tabs_AUqxcc":{"type":"collapsible-tabs","blocks":{"question_r6CPMh":{"type":"question","settings":{"title":"Quel est le délai de livraison ?","answer":"<p>Votre commande sera traitée et expédiée sous 24 heures à 3 jours. La livraison, gratuite, peut varier selon les produits : certains sont livrés en 8 jours seulement, tandis que d'autres peuvent prendre jusqu'à 20 jours ouvrés.<\/p><p>Si vous souhaitez savoir si un produit sera livré dans les 8 jours ou si cela prendra plus de temps, veuillez nous contacter.<\/p><p><\/p><p>\/!\\ Nous ne rembourserons pas les commandes dont le motif de retour est le délai de livraison, si ce dernier n'a pas été retardé.<\/p>"}},"question_zAAqqE":{"type":"question","settings":{"title":"Comment choisir la bonne taille ?","answer":"<p>Pour choisir la bonne taille lors de l'achat d'un produit, il est essentiel de consulter le tableau des tailles fourni dans la description du produit. Veuillez noter que nos tailles sont généralement plus petites que les normes européennes. Prenez donc le temps de mesurer précisément et de comparer vos mesures avec les instructions fournies pour vous assurer d'une entière satisfaction.<\/p>"}},"question_VC4RtP":{"type":"question","settings":{"title":"Comment puis-je suivre mon colis ?","answer":"<p>Vous pouvez suivre votre livraison en direct via le lien suivant : <a href=\"https:\/\/style-old-money.com\/apps\/suivre-ma-commande\" target=\"_blank\" title=\"Suivez votre ancien mandat\">Suivre ma commande<\/a> .<\/p>"}},"question_VgW9ik":{"type":"question","settings":{"title":"Mes données sont-elles en sécurité ?","answer":"<p>Chez Maison Royale Paris, vos informations ne seront ni partagées ni vendues. Nous les utilisons uniquement pour vous contacter afin d'assurer le bon traitement de votre commande ou pour vous tenir informé(e) des dernières actualités si vous êtes abonné(e) à notre newsletter.<\/p>"}}},"block_order":["question_r6CPMh","question_zAAqqE","question_VC4RtP","question_VgW9ik"],"disabled":true,"name":"t:global20240603122814.name_174","settings":{"title":"Questions fréquemment posées"}},"image_link_blocks_7JtMRt":{"type":"image-link-blocks","blocks":{"item_JXH7Kc":{"type":"item","settings":{"stretch_image":true,"link_text":"","link_url":"","background":"","text_color":"#ffffff","overlay_color":"#000000","overlay_opacity":0}},"item_wb4DP8":{"type":"item","disabled":true,"settings":{"stretch_image":true,"link_text":"","link_url":"","background":"","text_color":"#ffffff","overlay_color":"#000000","overlay_opacity":0}},"item_7B7aNa":{"type":"item","disabled":true,"settings":{"stretch_image":true,"link_text":"","link_url":"","background":"","text_color":"#ffffff","overlay_color":"#000000","overlay_opacity":0}},"item_NDtwdX":{"type":"item","disabled":true,"settings":{"stretch_image":true,"link_text":"","link_url":"","background":"","text_color":"#ffffff","overlay_color":"#000000","overlay_opacity":0}}},"block_order":["item_JXH7Kc","item_wb4DP8","item_7B7aNa","item_NDtwdX"],"disabled":true,"name":"Image link blocks","settings":{"full_width":false,"block_size":"small","subheading":"","title":"","content":"","link_url":"","link_text":"","background":"","background_gradient":"","text_color":"","heading_color":"","heading_gradient":""}},"gallery_UCnwEk":{"type":"gallery","blocks":{"media_DwVtnR":{"type":"media","disabled":true,"settings":{"enlarge_media":true,"subheading":"Gallery","title":"Tell your story","button_label":"","link":"","text_alignment":"bottom left"}},"media_RJzijN":{"type":"media","settings":{"enlarge_media":false,"subheading":"","title":"","button_label":"","link":"","text_alignment":"bottom right"}},"media_t796qz":{"type":"media","settings":{"enlarge_media":false,"subheading":"Gallery","title":"Tell your story","button_label":"","link":"","text_alignment":"bottom left"}},"media_RKDtAm":{"type":"media","disabled":true,"settings":{"enlarge_media":false,"subheading":"Gallery","title":"Tell your story","button_label":"","link":"","text_alignment":"bottom left"}},"media_p3mRTx":{"type":"media","disabled":true,"settings":{"enlarge_media":true,"subheading":"Gallery","title":"Tell your story","button_label":"","link":"","text_alignment":"bottom left"}}},"block_order":["media_DwVtnR","media_RJzijN","media_t796qz","media_RKDtAm","media_p3mRTx"],"disabled":true,"name":"t:global20240603122814.name_420","settings":{"grid_desktop":2,"grid_mobile":"1","height":"fixed","desktop_image_height":460,"mobile_image_height":400,"title_size":30,"title_size_mobile":22,"enable_margin":true,"enable_row_spacing":true,"full_width":false,"color_scheme":"default","enable_carousel":true,"overlay_style":"full","button_style":"primary"}}},"order":["main","rich_text_4wiE6c","collapsible_tabs_g387KW","collapsible_tabs_gqApJW","slideshow_tATidN","image_with_text_dWTf9r","image_with_text_xHmKGW","featured_collection_rm8Lgb","collapsible_tabs_AUqxcc","image_link_blocks_7JtMRt","gallery_UCnwEk"]}