{"sections":{"scrolling_banner_z8xLMA":{"type":"scrolling-banner","blocks":{"text_kaVKbX":{"type":"text","settings":{"text":"Your scrolling text here","color":"rgba(0,0,0,0)","link":"","use_h1":false,"stencil_all_text":false,"stencil_text":""}}},"block_order":["text_kaVKbX"],"disabled":true,"name":"t:global20240603122814.name_712","settings":{"full_width":true,"color_scheme":"default","text_size":50,"vertical_padding":20,"speed":35,"direction":"left","font":"heading","space":50}},"main":{"type":"main-contact","blocks":{"name":{"type":"name_input","settings":{"half_width":true}},"email":{"type":"email_input","settings":{"half_width":true}},"message":{"type":"message_input","settings":{"half_width":false}}},"block_order":["name","email","message"],"settings":{"show_page_title":true,"use_columns":true,"contact_title":"","contact_text":""}},"featured_collection_wgcJ8G":{"type":"featured-collection","name":"t:global20240603122814.name_301","settings":{"title":"Nos Best Sellers","collection":"nos-best-sellers","show_vendor":false,"enable_carousel":true,"grid":4,"rows":1,"color_scheme":"default","show_view_all":true,"full_width":true}},"rich_text_NxAd7j":{"type":"rich-text","blocks":{"text_p9X9h7":{"type":"text","settings":{"text":"<h2><strong>Contact – MaisonRoyaleParis<\/strong><\/h2><p>Si vous avez des questions concernant nos politiques, nos services, ou souhaitez exercer vos droits relatifs à vos données personnelles ou à une commande, vous pouvez nous contacter :<\/p><p><strong>Nom de la boutique :<\/strong> MaisonRoyaleParis<br\/><strong>Téléphone :<\/strong> +31 614069051<br\/><strong>Email :<\/strong> <a>info@maisonroyale-paris.com<\/a><br\/><strong>Formulaire de contact :<\/strong> [Cliquez ici]<\/p><p><strong>Adresse de correspondance :<\/strong><br\/>MaisonRoyaleParis<br\/>Randmeerstraat 130<br\/>2162LN, Lisse<br\/>Pays-Bas<\/p><p><strong>Numéro d’enregistrement (CVR) :<\/strong> 96746203<br\/><strong>Numéro de TVA :<\/strong> NL253153104B01<\/p><p><strong>Horaires du service client :<br\/><\/strong>Lundi – Vendredi : 09h00 – 20h00<br\/>Samedi : 09h00 – 18h00<br\/><\/p><p>Nous nous efforçons de répondre aux emails sous <strong>24 heures<\/strong>.<\/p><p> <\/p>","enlarge_text":true}}},"block_order":["text_p9X9h7"],"name":"t:global20240603122814.name_370","settings":{"height":"medium","text_alignment":"center","full_width":false,"color_scheme":"default"}}},"order":["scrolling_banner_z8xLMA","main","featured_collection_wgcJ8G","rich_text_NxAd7j"]}