{"sections":{"main":{"type":"main-page","disabled":true,"settings":{"show_page_title":true,"full_width":false}},"collapsible_tabs_g387KW":{"type":"collapsible-tabs","blocks":{"question_FNmytX":{"type":"question","settings":{"title":"Hvad er leveringstiderne?","answer":"<p>Vi behandler din ordre inden for 1 til 3 arbejdsdage (mandag til fredag). Leveringen tager derefter 4 til 12 arbejdsdage. I alt modtager du normalt din ordre inden for 7 til 15 arbejdsdage. I travle perioder kan det tage lidt længere tid; vi informerer dig i så fald.<\/p>"}},"question_kQWgef":{"type":"question","settings":{"title":"Bliver der beregnet forsendelsesomkostninger?","answer":"<p>Nej, forsendelse er altid gratis, uanset beløbet på din ordre.<\/p>"}},"question_6XmAEQ":{"type":"question","settings":{"title":"Hvordan følger jeg min ordre?","answer":"<p>Når din ordre er afsendt, modtager du en e-mail med et trackingnummer. Du kan følge din pakke via vores tracking-side på hjemmesiden.<\/p>"}},"question_DeEGtL":{"type":"question","settings":{"title":"Kan jeg stadig ændre leveringsadressen?","answer":"<p>Ja, det er muligt, hvis pakken endnu ikke er afsendt. Send en e-mail til <a href=\"mailto:lynova.info@gmail.com\" title=\"mailto:lynova.info@gmail.com\">info@nordisk-mode.com<\/a>. Efter afsendelse er det desværre ikke længere muligt at ændre.<\/p>"}}},"block_order":["question_FNmytX","question_kQWgef","question_6XmAEQ","question_DeEGtL"],"disabled":true,"settings":{"title":"Forsendelse og levering"}},"collapsible_tabs_gqApJW":{"type":"collapsible-tabs","blocks":{"question_FrbkEP":{"type":"question","settings":{"title":"Hvad er returfristen?","answer":"<p>Du har 14 dage fra modtagelsen til at returnere varen. Du skal anmelde det på forhånd; uden anmeldelse behandler vi det ikke.<\/p>"}},"question_yDLQFC":{"type":"question","settings":{"title":"Hvilke betingelser skal returnerede produkter opfylde?","answer":"<p>Produkterne skal være ubrugte, uvaskede og ubeskadigede, med original emballage og mærker.<\/p>"}},"question_nB4HYf":{"type":"question","settings":{"title":"Hvordan anmelder jeg en returnering?","answer":"<p>Send en e-mail til<a href=\"mailto:lynova.info@gmail.com\" title=\"mailto:lynova.info@gmail.com\">l info@nordisk-mode.com <\/a>inden for 14 dage med dit ordrenummer og de pågældende varer. Vi sender dig et returformular og instruktioner.<\/p>"}},"question_dLTLFk":{"type":"question","settings":{"title":"Hvor lang tid tager tilbagebetalingen?","answer":"<p>Efter modtagelse og godkendelse: inden for 5-10 arbejdsdage via den oprindelige betalingsmetode.<\/p>"}}},"block_order":["question_FrbkEP","question_yDLQFC","question_nB4HYf","question_dLTLFk"],"disabled":true,"name":"t:global20240603122814.name_174","settings":{"title":"Returnering og refusion"}},"rich_text_HwMRpM":{"type":"rich-text","blocks":{"heading_LpfTfa":{"type":"heading","disabled":true,"settings":{"title":"Rich text","use_h1":false}},"text_adQ3Ld":{"type":"text","settings":{"text":"<h2><em>Politique d’expédition et de livraison – MaisonRoyaleParis (France)<\/em><\/h2><p><em>Chez MaisonRoyaleParis, nous nous engageons à assurer une livraison fiable et transparente de votre commande. Notre équipe dédiée travaille chaque jour à optimiser nos processus afin de vous offrir le meilleur service possible.<\/em><\/p><h3><em>Processus de commande<\/em><\/h3><p><em>Pour protéger vos informations et garantir un traitement fluide, nous n’acceptons pas les commandes par téléphone. Vous pouvez facilement passer commande en ligne :<\/em><\/p><p><em><br\/>Sélectionnez le produit souhaité et ajoutez-le à votre panier.<br\/><br\/>Connectez-vous à votre compte ou créez-en un nouveau.<br\/><br\/>Saisissez ou confirmez vos coordonnées de livraison et de paiement.<br\/><br\/>Finalisez votre commande.<br\/><\/em><\/p><h3><em>Délais de livraison et frais d’expédition<\/em><\/h3><p><em>PaysDélai de traitementDélai de livraisonFrais d’expéditionRoyaume-Uni1 à 3 jours ouvrables (lun–ven)4 à 9 jours ouvrables (lun–ven)Gratuit<\/em><\/p><p><em>Les commandes passées avant 16h00 (CET) sont traitées le jour même (du lundi au vendredi).<br\/>Délai total de livraison : environ 5 à 12 jours ouvrables.<\/em><\/p><h3><em>Expédition et suivi<\/em><\/h3><p><em>Votre commande est expédiée via nos partenaires de livraison de confiance :<\/em><\/p><p><em>Royal Mail ou DPD<\/em><\/p><p><em>Dès que votre commande est expédiée, vous recevrez un e-mail de confirmation contenant un numéro de suivi, vous permettant de suivre votre envoi en ligne.<\/em><\/p><h3><em>Informations importantes concernant votre adresse<\/em><\/h3><p><em>Veuillez vérifier attentivement votre adresse de livraison.<br\/>Nous ne sommes pas responsables des colis non livrables en raison d’informations d’adresse incorrectes.<br\/>Dans ce cas, le montant de l’achat sera remboursé moins les frais d’expédition.<br\/>Pour une nouvelle livraison, une nouvelle commande devra être passée.<\/em><\/p><h3><em>Changement d’adresse après commande<\/em><\/h3><p><em>Si vous souhaitez modifier votre adresse de livraison après avoir passé une commande, veuillez nous contacter dès que possible à :<br\/>📧 <\/em><a><em>info@maisonroyale-paris.com<\/em><\/a><\/p><p><em><br\/>Si votre colis n’a pas encore été expédié, nous pouvons mettre à jour l’adresse.<br\/><br\/>Si le colis a déjà été expédié, il ne sera malheureusement plus possible de modifier l’adresse.<br\/><\/em><\/p><h3><em>Coordonnées de contact<\/em><\/h3><p><em>Si vous avez des questions, n’hésitez pas à nous contacter :<\/em><\/p><p><em>Nom de la boutique : MaisonRoyaleParis<br\/>📞 Téléphone : +31 614069051<br\/>📧 Email : <\/em><a><em>info@maisonroyaleparis.com<\/em><\/a><em><br\/>📩 Formulaire de contact : [<\/em><a href=\"https:\/\/maisonroyaleparis.com\/pages\/contact\" title=\"https:\/\/maisonroyaleparis.com\/pages\/contact\"><em>Cliquez ici<\/em><\/a><em>]<\/em><\/p><p><em>Adresse de correspondance : Randmeerstraat 130, 2162LN, Lisse, Pays-Bas<br\/>Numéro d’enregistrement de l’entreprise (CVR) : 96746203<br\/>Numéro de TVA : NL253153104B01<\/em><\/p><p><em>Nous nous efforçons de répondre à tous les e-mails dans un délai de 24 heures.<\/em><\/p><h3><em>Horaires du service client<\/em><\/h3><p><em>Lundi – Vendredi : 09h00 – 20h00<br\/>Samedi : 09h00 – 18h00<\/em><\/p>","enlarge_text":true}}},"block_order":["heading_LpfTfa","text_adQ3Ld"],"name":"t:global20240603122814.name_370","settings":{"height":"medium","text_alignment":"center","full_width":false,"color_scheme":"default"}},"slideshow_tATidN":{"type":"slideshow","blocks":{"image_KBhRHn":{"type":"image","settings":{"image":"shopify:\/\/shop_images\/5918e129116e42b125c3825d7aded23c.jpg","slide_link":"","subheading":"Notre histoire","title":"L’art de vivre à la Maison Royale","heading_max_width":15,"title_size":84,"title_size_mobile":46,"use_h1":false,"text":"","enlarge_text":true,"button_label_1":"","button_url_1":"","button_label_2":"","button_url_2":"","text_alignment":"bottom center"}},"image_fnYtfi":{"type":"image","disabled":true,"settings":{"slide_link":"","subheading":"Tell your story","title":"Slide heading","heading_max_width":15,"title_size":84,"title_size_mobile":46,"use_h1":false,"text":"<p>And optional subtext<\/p>","enlarge_text":true,"button_label_1":"Shop this","button_url_1":"","button_label_2":"Shop all","button_url_2":"","text_alignment":"center center"}}},"block_order":["image_KBhRHn","image_fnYtfi"],"disabled":true,"name":"t:global20240603122814.name_969","settings":{"height":"fixed","height_desktop":600,"height_mobile":460,"full_width":true,"mobile_overlay_under":false,"overlay_style":"shadow","transition":"fade","navigation":"arrows","autoplay":true,"autoplay_speed":7,"accessibility_info":""}},"image_with_text_dWTf9r":{"type":"image-with-text","blocks":{"heading_7i3CnD":{"type":"heading","settings":{"title":"Comment tout a commencé","use_h1":false}},"heading_VmNJDH":{"type":"heading","disabled":true,"settings":{"title":"Image with text","use_h1":false}},"heading_mqBFee":{"type":"heading","disabled":true,"settings":{"title":"Image with text","use_h1":false}},"heading_qWxNER":{"type":"heading","disabled":true,"settings":{"title":"Image with text","use_h1":false}},"text_FCENKF":{"type":"text","settings":{"text":"<p><em>Maison Royale Paris, fondée par Oscar Minnaard, incarne la mode masculine intemporelle. Le véritable style n’est jamais bruyant, mais toujours durable. Chaque collection reflète une élégance naturelle, pensée pour les hommes qui privilégient la substance à l’apparence.<\/em><\/p><p><em>Nous collaborons avec les meilleurs ateliers européens, garantissant que chaque pièce perpétue la tradition du luxe discret. Des polos emblématiques aux pantalons sur mesure : chaque détail compte, chaque couture est intentionnelle.<\/em><\/p><p><em>Maison Royale Paris ne suit pas les tendances. Nos vêtements sont conçus pour durer et sublimer votre style, saison après saison.<\/em><\/p>","enlarge_text":false}},"button_JxVCDT":{"type":"button","disabled":true,"settings":{"button_label":"Button text","button_link":"","button_style":"primary"}}},"block_order":["heading_7i3CnD","heading_VmNJDH","heading_mqBFee","heading_qWxNER","text_FCENKF","button_JxVCDT"],"disabled":true,"name":"t:global20240603122814.name_511","settings":{"image":"shopify:\/\/shop_images\/1c5811472d2e5ee25b54440abe1166e8.jpg","image_width":700,"image_link":"","image_position":"left","text_alignment":"center","color_scheme":"default"}},"image_with_text_xHmKGW":{"type":"image-with-text","blocks":{"heading_DfhBpa":{"type":"heading","settings":{"title":"Là où la tradition rencontre la modernité","use_h1":false}},"text_ncF6JX":{"type":"text","settings":{"text":"<p><em>Chez <\/em><em><strong>Maison Royale Paris<\/strong><\/em><em>, nous célébrons l’héritage tout en embrassant un art de vivre moderne. Ici, l’équilibre prime : la sophistication discrète de la couture intemporelle se mêle à la fluidité et à la confiance du vêtement quotidien.<\/em><\/p><p><em>Nos collections sont conçues pour relier tradition et présent, proposant des pièces incontournables qui allient élégance et praticité, sans jamais en faire trop. Chaque création rend hommage à une esthétique durable, pensée avec soin, intention et attention aux détails.<\/em><\/p><p><em>Maison Royale Paris ne se limite pas à des vêtements — c’est une philosophie de raffinement, de force subtile et de style naturel. Il ne s’agit pas seulement de s’habiller pour une occasion, mais pour la vie elle-même. Avec nos pièces, vous avancez toujours avec confiance, saison après saison.<\/em><\/p>","enlarge_text":false}},"button_tyk6eV":{"type":"button","disabled":true,"settings":{"button_label":"Button text","button_link":"","button_style":"primary"}}},"block_order":["heading_DfhBpa","text_ncF6JX","button_tyk6eV"],"disabled":true,"name":"t:global20240603122814.name_511","settings":{"image":"shopify:\/\/shop_images\/e7defc5baf706c0081a1633a83cf6b4a.jpg","image_width":700,"image_link":"","image_position":"right","text_alignment":"left","color_scheme":"default"}},"featured_collection_rm8Lgb":{"type":"featured-collection","disabled":true,"name":"t:global20240603122814.name_301","settings":{"title":"Nos meilleures ventes","collection":"nos-best-sellers","show_vendor":false,"enable_carousel":true,"grid":4,"rows":1,"color_scheme":"default","show_view_all":true,"full_width":true}},"collapsible_tabs_AUqxcc":{"type":"collapsible-tabs","blocks":{"question_r6CPMh":{"type":"question","settings":{"title":"Quel est le délai de livraison ?","answer":"<p>Votre commande sera traitée et expédiée sous 24 heures à 3 jours. La livraison, gratuite, peut varier selon les produits : certains sont livrés en 8 jours seulement, tandis que d'autres peuvent prendre jusqu'à 20 jours ouvrés.<\/p><p>Si vous souhaitez savoir si un produit sera livré dans les 8 jours ou si cela prendra plus de temps, veuillez nous contacter.<\/p><p><\/p><p>\/!\\ Nous ne rembourserons pas les commandes dont le motif de retour est le délai de livraison, si ce dernier n'a pas été retardé.<\/p>"}},"question_zAAqqE":{"type":"question","settings":{"title":"Comment choisir la bonne taille ?","answer":"<p>Pour choisir la bonne taille lors de l'achat d'un produit, il est essentiel de consulter le tableau des tailles fourni dans la description du produit. Veuillez noter que nos tailles sont généralement plus petites que les normes européennes. Prenez donc le temps de mesurer précisément et de comparer vos mesures avec les instructions fournies pour vous assurer d'une entière satisfaction.<\/p>"}},"question_VC4RtP":{"type":"question","settings":{"title":"Comment puis-je suivre mon colis ?","answer":"<p>Vous pouvez suivre votre livraison en direct via le lien suivant : <a href=\"https:\/\/style-old-money.com\/apps\/suivre-ma-commande\" target=\"_blank\" title=\"Suivez votre ancien mandat\">Suivre ma commande<\/a> .<\/p>"}},"question_VgW9ik":{"type":"question","settings":{"title":"Mes données sont-elles en sécurité ?","answer":"<p>Chez Maison Royale Paris, vos informations ne seront ni partagées ni vendues. Nous les utilisons uniquement pour vous contacter afin d'assurer le bon traitement de votre commande ou pour vous tenir informé(e) des dernières actualités si vous êtes abonné(e) à notre newsletter.<\/p>"}}},"block_order":["question_r6CPMh","question_zAAqqE","question_VC4RtP","question_VgW9ik"],"disabled":true,"name":"t:global20240603122814.name_174","settings":{"title":"Questions fréquemment posées"}},"image_link_blocks_7JtMRt":{"type":"image-link-blocks","blocks":{"item_JXH7Kc":{"type":"item","settings":{"stretch_image":true,"link_text":"","link_url":"","background":"","text_color":"#ffffff","overlay_color":"#000000","overlay_opacity":0}},"item_wb4DP8":{"type":"item","disabled":true,"settings":{"stretch_image":true,"link_text":"","link_url":"","background":"","text_color":"#ffffff","overlay_color":"#000000","overlay_opacity":0}},"item_7B7aNa":{"type":"item","disabled":true,"settings":{"stretch_image":true,"link_text":"","link_url":"","background":"","text_color":"#ffffff","overlay_color":"#000000","overlay_opacity":0}},"item_NDtwdX":{"type":"item","disabled":true,"settings":{"stretch_image":true,"link_text":"","link_url":"","background":"","text_color":"#ffffff","overlay_color":"#000000","overlay_opacity":0}}},"block_order":["item_JXH7Kc","item_wb4DP8","item_7B7aNa","item_NDtwdX"],"disabled":true,"name":"Image link blocks","settings":{"full_width":false,"block_size":"small","subheading":"","title":"","content":"","link_url":"","link_text":"","background":"","background_gradient":"","text_color":"","heading_color":"","heading_gradient":""}},"gallery_UCnwEk":{"type":"gallery","blocks":{"media_DwVtnR":{"type":"media","disabled":true,"settings":{"enlarge_media":true,"subheading":"Gallery","title":"Tell your story","button_label":"","link":"","text_alignment":"bottom left"}},"media_RJzijN":{"type":"media","settings":{"enlarge_media":false,"subheading":"","title":"","button_label":"","link":"","text_alignment":"bottom right"}},"media_t796qz":{"type":"media","settings":{"enlarge_media":false,"subheading":"Gallery","title":"Tell your story","button_label":"","link":"","text_alignment":"bottom left"}},"media_RKDtAm":{"type":"media","disabled":true,"settings":{"enlarge_media":false,"subheading":"Gallery","title":"Tell your story","button_label":"","link":"","text_alignment":"bottom left"}},"media_p3mRTx":{"type":"media","disabled":true,"settings":{"enlarge_media":true,"subheading":"Gallery","title":"Tell your story","button_label":"","link":"","text_alignment":"bottom left"}}},"block_order":["media_DwVtnR","media_RJzijN","media_t796qz","media_RKDtAm","media_p3mRTx"],"disabled":true,"name":"t:global20240603122814.name_420","settings":{"grid_desktop":2,"grid_mobile":"1","height":"fixed","desktop_image_height":460,"mobile_image_height":400,"title_size":30,"title_size_mobile":22,"enable_margin":true,"enable_row_spacing":true,"full_width":false,"color_scheme":"default","enable_carousel":true,"overlay_style":"full","button_style":"primary"}}},"order":["main","collapsible_tabs_g387KW","collapsible_tabs_gqApJW","rich_text_HwMRpM","slideshow_tATidN","image_with_text_dWTf9r","image_with_text_xHmKGW","featured_collection_rm8Lgb","collapsible_tabs_AUqxcc","image_link_blocks_7JtMRt","gallery_UCnwEk"]}