{"sections":{"main":{"type":"main-page","disabled":true,"settings":{"show_page_title":true,"full_width":false}},"rich_text_NT6mVw":{"type":"rich-text","blocks":{"heading_bPJrQq":{"type":"heading","disabled":true,"settings":{"title":"Rich text","use_h1":false}},"text_jNUMaG":{"type":"text","settings":{"text":"<h2><em>Conditions générales d’utilisation – MaisonRoyaleParis (France)<\/em><\/h2><p><em>Ce site web est exploité par MaisonRoyaleParis.<br\/>Sur ce site, les termes « nous », « notre » et « nos » font référence à MaisonRoyaleParis.<br\/>MaisonRoyaleParis met à votre disposition ce site web, y compris toutes les informations, outils et services disponibles, sous réserve de votre acceptation intégrale des conditions générales, politiques et avis énoncés ci-dessous.<\/em><\/p><p><em>En visitant notre site et\/ou en achetant un produit chez nous, vous utilisez nos Services et acceptez les présentes Conditions Générales d’Utilisation (« Conditions », « CGU »), y compris toutes les conditions supplémentaires ou politiques mentionnées ici ou accessibles par hyperlien.<br\/>Ces conditions s’appliquent à tous les utilisateurs du site, notamment les navigateurs, clients, fournisseurs, marchands et contributeurs de contenu.<\/em><\/p><p><em>Veuillez lire attentivement ces conditions avant d’utiliser notre site.<br\/>En accédant à une partie quelconque du site, vous acceptez d’être lié(e) par ces conditions.<br\/>Si vous n’acceptez pas la totalité des termes de cet accord, n’utilisez pas ce site ni aucun de nos services.<\/em><\/p><p><em>Toute nouvelle fonctionnalité ou tout nouvel outil ajouté à la boutique actuelle sera également soumis aux présentes conditions.<br\/>Vous pouvez consulter la version la plus récente à tout moment sur cette page.<br\/>Nous nous réservons le droit de modifier, mettre à jour ou remplacer toute partie des présentes conditions en publiant des mises à jour sur notre site.<br\/>Il est de votre responsabilité de vérifier régulièrement cette page pour être informé des changements.<br\/>Votre utilisation continue du site après la publication de modifications constitue votre acceptation de celles-ci.<\/em><\/p><p><em>Notre boutique est hébergée sur Shopify, qui nous fournit la plateforme de commerce électronique nous permettant de vendre nos produits et services.<\/em><\/p><h3><em>ARTICLE 1 – Conditions générales de la boutique en ligne<\/em><\/h3><p><em>En acceptant ces conditions, vous déclarez être âgé(e) d’au moins 18 ans (ou l’âge légal minimal applicable dans votre pays) et avoir autorisé vos mineurs à utiliser ce site.<\/em><\/p><p><em>Vous ne pouvez pas utiliser nos produits à des fins illégales ni violer les lois en vigueur dans votre juridiction (notamment les lois sur les droits d’auteur).<\/em><\/p><p><em>Il est strictement interdit de transmettre des virus, vers informatiques ou tout code destructeur.<br\/>Toute violation de ces conditions entraînera la résiliation immédiate de votre accès à nos services.<\/em><\/p><h3><em>ARTICLE 2 – Conditions générales<\/em><\/h3><p><em>Nous nous réservons le droit de refuser le service à toute personne à tout moment et pour toute raison.<br\/>Vous comprenez que vos données (à l’exception des informations de carte de crédit) peuvent être transmises de manière non chiffrée et :<\/em><\/p><p><em><br\/>impliquer des transmissions sur divers réseaux ;<br\/><\/em><\/p><p><em><br\/>nécessiter des adaptations techniques.<br\/><\/em><\/p><p><em>Les informations de carte bancaire sont toujours chiffrées lors de leur transfert sur les réseaux.<\/em><\/p><p><em>Vous acceptez de ne pas reproduire, copier, revendre ou exploiter une partie quelconque du Service sans notre autorisation écrite.<br\/>Les titres utilisés dans cet accord sont uniquement destinés à la commodité et ne limitent pas ces Conditions.<\/em><\/p><h3><em>ARTICLE 3 – Exactitude, exhaustivité et actualité des informations<\/em><\/h3><p><em>Nous ne garantissons pas que les informations sur ce site soient exactes, complètes ou à jour.<br\/>Le contenu est fourni à titre d’information générale et ne doit pas être utilisé comme seule base de décision sans consulter des sources plus précises.<br\/>L’utilisation du contenu de ce site se fait à vos propres risques.<\/em><\/p><p><em>Nous nous réservons le droit de modifier le contenu du site à tout moment, sans obligation de mise à jour.<\/em><\/p><h3><em>ARTICLE 4 – Modifications du service et des prix<\/em><\/h3><p><em>Les prix de nos produits peuvent être modifiés sans préavis.<br\/>Nous nous réservons le droit de modifier ou d’interrompre le service à tout moment.<br\/>Nous ne serons pas responsables envers vous ou un tiers pour toute modification, suspension ou interruption du Service.<\/em><\/p><h3><em>ARTICLE 5 – Produits ou services<\/em><\/h3><p><em>Certains produits ou services peuvent être disponibles exclusivement en ligne.<br\/>Ils peuvent être limités en quantité et ne peuvent être retournés qu’en accord avec notre Politique de retour et de remboursement.<\/em><\/p><p><em>Nous faisons tout notre possible pour afficher les couleurs et images des produits avec précision, mais nous ne pouvons garantir la fidélité d’affichage sur votre écran.<\/em><\/p><p><em>Nous nous réservons le droit de limiter la vente de produits à toute personne, région ou juridiction.<br\/>Toutes les descriptions et prix peuvent être modifiés à tout moment, sans préavis.<br\/>Toute offre de produit est nulle là où elle est interdite.<\/em><\/p><p><em>Nous ne garantissons pas que la qualité des produits, services ou informations répondra à vos attentes.<\/em><\/p><h3><em>ARTICLE 6 – Exactitude des informations de facturation et de compte<\/em><\/h3><p><em>Nous nous réservons le droit de refuser toute commande.<br\/>Nous pouvons limiter ou annuler les quantités achetées par personne, foyer ou commande.<br\/>En cas de modification ou d’annulation, nous tenterons de vous en informer via les coordonnées fournies.<\/em><\/p><p><em>Vous acceptez de fournir des informations exactes et à jour lors de tout achat.<br\/>Vous vous engagez à mettre à jour votre compte si nécessaire.<\/em><\/p><h3><em>ARTICLE 7 – Outils optionnels<\/em><\/h3><p><em>Nous pouvons vous donner accès à des outils tiers que nous ne surveillons ni ne contrôlons.<br\/>Vous reconnaissez que l’utilisation de ces outils se fait à vos propres risques et sans garantie d’aucune sorte.<\/em><\/p><h3><em>ARTICLE 8 – Liens vers des tiers<\/em><\/h3><p><em>Certains contenus ou services disponibles via notre site peuvent inclure des éléments provenant de tiers.<br\/>Ces liens peuvent vous diriger vers des sites externes non affiliés à nous.<br\/>Nous ne sommes pas responsables du contenu, de l’exactitude ni des politiques de ces sites tiers.<br\/>Veuillez lire attentivement leurs conditions avant toute transaction.<\/em><\/p><h3><em>ARTICLE 9 – Commentaires et suggestions des utilisateurs<\/em><\/h3><p><em>Si vous nous soumettez des idées, suggestions ou documents, vous acceptez que nous puissions les utiliser librement, sans restriction ni obligation de confidentialité ou de rémunération.<br\/>Vous êtes seul responsable du contenu que vous publiez et de son exactitude.<\/em><\/p><h3><em>ARTICLE 10 – Informations personnelles<\/em><\/h3><p><em>L’envoi de vos informations personnelles via notre boutique est régi par notre Politique de confidentialité.<\/em><\/p><h3><em>ARTICLE 11 – Erreurs et omissions<\/em><\/h3><p><em>Il peut arriver que des erreurs typographiques ou des inexactitudes apparaissent sur le site.<br\/>Nous nous réservons le droit de corriger toute erreur et de modifier les informations à tout moment, y compris après qu’une commande ait été passée.<\/em><\/p><h3><em>ARTICLE 12 – Utilisations interdites<\/em><\/h3><p><em>Vous ne pouvez pas utiliser le site :<\/em><\/p><p><em><br\/>à des fins illégales,<br\/><\/em><\/p><p><em>pour violer des droits de propriété intellectuelle,<br\/><\/em><\/p><p><em><br\/>pour harceler, diffamer ou discriminer,<br\/><\/em><\/p><p><em><br\/>pour diffuser des virus ou logiciels malveillants,<br\/><\/em><\/p><p><em><br\/>ou pour contourner les mesures de sécurité du Service.<br\/><\/em><\/p><p><em>Toute violation entraînera la résiliation immédiate de votre accès.<\/em><\/p><h3><em>ARTICLE 13 – Clause de non-responsabilité et limitation de responsabilité<\/em><\/h3><p><em>Nous ne garantissons pas que votre utilisation du Service sera ininterrompue ou sans erreur.<br\/>Vous acceptez que l’utilisation du Service soit à vos propres risques.<br\/>Le Service et tous les produits sont fournis « tels quels », sans garantie expresse ou implicite.<\/em><\/p><p><em>En aucun cas, MaisonRoyaleParis, ses dirigeants, employés ou fournisseurs ne pourront être tenus responsables de tout dommage indirect, consécutif ou punitif résultant de l’utilisation du Service.<\/em><\/p><h3><em>ARTICLE 14 – Indemnisation<\/em><\/h3><p><em>Vous acceptez d’indemniser et de dégager de toute responsabilité MaisonRoyaleParis, ses partenaires et employés pour toute réclamation liée à votre violation de ces conditions ou à toute loi applicable.<\/em><\/p><h3><em>ARTICLE 15 – Dissociabilité<\/em><\/h3><p><em>Si une disposition des présentes conditions est jugée invalide, elle sera appliquée dans la mesure permise par la loi, sans affecter la validité des autres dispositions.<\/em><\/p><h3><em>ARTICLE 16 – Résiliation<\/em><\/h3><p><em>Ces conditions restent en vigueur jusqu’à leur résiliation par vous ou par nous.<br\/>Vous pouvez les résilier à tout moment en cessant d’utiliser le site.<br\/>Nous pouvons également les résilier à tout moment en cas de violation.<\/em><\/p><h3><em>ARTICLE 17 – Accord complet<\/em><\/h3><p><em>Les présentes conditions constituent l’intégralité de l’accord entre vous et nous et remplacent tout accord antérieur.<br\/>Toute ambiguïté sera interprétée en faveur de la version la plus équitable.<\/em><\/p><h3><em>ARTICLE 18 – Droit applicable<\/em><\/h3><p><em>Ces conditions sont régies par le droit français.<br\/>Tout litige sera soumis à la juridiction compétente en France.<\/em><\/p><h3><em>ARTICLE 19 – Modifications des conditions<\/em><\/h3><p><em>Vous pouvez consulter à tout moment la version la plus récente sur cette page.<br\/>Nous nous réservons le droit de mettre à jour ou de modifier ces conditions sans préavis.<br\/>Votre utilisation continue du site après publication constitue une acceptation des modifications.<\/em><\/p><h3><em>ARTICLE 20 – Contact<\/em><\/h3><p><em>Nom de la boutique : MaisonRoyaleParis<br\/>📞 Téléphone : +31 614069051<br\/>📧 Email : <\/em><a><em>info@maisonroyaleparis.com<\/em><\/a><em><br\/>📩 Formulaire de contact : [<\/em><a href=\"https:\/\/maisonroyaleparis.com\/pages\/contact\" title=\"https:\/\/maisonroyaleparis.com\/pages\/contact\"><em>Cliquez ici<\/em><\/a><em>]<\/em><\/p><p><em>Adresse de correspondance :<br\/>MaisonRoyaleParis, Randmeerstraat 130, 2162LN, Lisse, Pays-Bas<\/em><\/p><p><em>Numéro d’enregistrement (CVR) : 96746203<br\/>Numéro de TVA : NL253153104B01<\/em><\/p><p><em>Nous nous engageons à répondre à vos e-mails sous 24 heures.<\/em><\/p><p><em>🕘 Horaires du service client :<br\/>Lundi – Vendredi : 09h00 – 20h00<br\/>Samedi : 09h00 – 18h00<\/em><\/p>","enlarge_text":true}}},"block_order":["heading_bPJrQq","text_jNUMaG"],"name":"t:global20240603122814.name_370","settings":{"height":"medium","text_alignment":"center","full_width":false,"color_scheme":"default"}},"collapsible_tabs_g387KW":{"type":"collapsible-tabs","blocks":{"question_FNmytX":{"type":"question","settings":{"title":"Hvad er leveringstiderne?","answer":"<p>Vi behandler din ordre inden for 1 til 3 arbejdsdage (mandag til fredag). Leveringen tager derefter 4 til 12 arbejdsdage. I alt modtager du normalt din ordre inden for 7 til 15 arbejdsdage. I travle perioder kan det tage lidt længere tid; vi informerer dig i så fald.<\/p>"}},"question_kQWgef":{"type":"question","settings":{"title":"Bliver der beregnet forsendelsesomkostninger?","answer":"<p>Nej, forsendelse er altid gratis, uanset beløbet på din ordre.<\/p>"}},"question_6XmAEQ":{"type":"question","settings":{"title":"Hvordan følger jeg min ordre?","answer":"<p>Når din ordre er afsendt, modtager du en e-mail med et trackingnummer. Du kan følge din pakke via vores tracking-side på hjemmesiden.<\/p>"}},"question_DeEGtL":{"type":"question","settings":{"title":"Kan jeg stadig ændre leveringsadressen?","answer":"<p>Ja, det er muligt, hvis pakken endnu ikke er afsendt. Send en e-mail til <a href=\"mailto:lynova.info@gmail.com\" title=\"mailto:lynova.info@gmail.com\">info@nordisk-mode.com<\/a>. Efter afsendelse er det desværre ikke længere muligt at ændre.<\/p>"}}},"block_order":["question_FNmytX","question_kQWgef","question_6XmAEQ","question_DeEGtL"],"disabled":true,"settings":{"title":"Forsendelse og levering"}},"collapsible_tabs_gqApJW":{"type":"collapsible-tabs","blocks":{"question_FrbkEP":{"type":"question","settings":{"title":"Hvad er returfristen?","answer":"<p>Du har 14 dage fra modtagelsen til at returnere varen. Du skal anmelde det på forhånd; uden anmeldelse behandler vi det ikke.<\/p>"}},"question_yDLQFC":{"type":"question","settings":{"title":"Hvilke betingelser skal returnerede produkter opfylde?","answer":"<p>Produkterne skal være ubrugte, uvaskede og ubeskadigede, med original emballage og mærker.<\/p>"}},"question_nB4HYf":{"type":"question","settings":{"title":"Hvordan anmelder jeg en returnering?","answer":"<p>Send en e-mail til<a href=\"mailto:lynova.info@gmail.com\" title=\"mailto:lynova.info@gmail.com\">l info@nordisk-mode.com <\/a>inden for 14 dage med dit ordrenummer og de pågældende varer. Vi sender dig et returformular og instruktioner.<\/p>"}},"question_dLTLFk":{"type":"question","settings":{"title":"Hvor lang tid tager tilbagebetalingen?","answer":"<p>Efter modtagelse og godkendelse: inden for 5-10 arbejdsdage via den oprindelige betalingsmetode.<\/p>"}}},"block_order":["question_FrbkEP","question_yDLQFC","question_nB4HYf","question_dLTLFk"],"disabled":true,"name":"t:global20240603122814.name_174","settings":{"title":"Returnering og refusion"}},"slideshow_tATidN":{"type":"slideshow","blocks":{"image_KBhRHn":{"type":"image","settings":{"image":"shopify:\/\/shop_images\/5918e129116e42b125c3825d7aded23c.jpg","slide_link":"","subheading":"Notre histoire","title":"L’art de vivre à la Maison Royale","heading_max_width":15,"title_size":84,"title_size_mobile":46,"use_h1":false,"text":"","enlarge_text":true,"button_label_1":"","button_url_1":"","button_label_2":"","button_url_2":"","text_alignment":"bottom center"}},"image_fnYtfi":{"type":"image","disabled":true,"settings":{"slide_link":"","subheading":"Tell your story","title":"Slide heading","heading_max_width":15,"title_size":84,"title_size_mobile":46,"use_h1":false,"text":"<p>And optional subtext<\/p>","enlarge_text":true,"button_label_1":"Shop this","button_url_1":"","button_label_2":"Shop all","button_url_2":"","text_alignment":"center center"}}},"block_order":["image_KBhRHn","image_fnYtfi"],"disabled":true,"name":"t:global20240603122814.name_969","settings":{"height":"fixed","height_desktop":600,"height_mobile":460,"full_width":true,"mobile_overlay_under":false,"overlay_style":"shadow","transition":"fade","navigation":"arrows","autoplay":true,"autoplay_speed":7,"accessibility_info":""}},"image_with_text_dWTf9r":{"type":"image-with-text","blocks":{"heading_7i3CnD":{"type":"heading","settings":{"title":"Comment tout a commencé","use_h1":false}},"heading_VmNJDH":{"type":"heading","disabled":true,"settings":{"title":"Image with text","use_h1":false}},"heading_mqBFee":{"type":"heading","disabled":true,"settings":{"title":"Image with text","use_h1":false}},"heading_qWxNER":{"type":"heading","disabled":true,"settings":{"title":"Image with text","use_h1":false}},"text_FCENKF":{"type":"text","settings":{"text":"<p><em>Maison Royale Paris, fondée par Oscar Minnaard, incarne la mode masculine intemporelle. Le véritable style n’est jamais bruyant, mais toujours durable. Chaque collection reflète une élégance naturelle, pensée pour les hommes qui privilégient la substance à l’apparence.<\/em><\/p><p><em>Nous collaborons avec les meilleurs ateliers européens, garantissant que chaque pièce perpétue la tradition du luxe discret. Des polos emblématiques aux pantalons sur mesure : chaque détail compte, chaque couture est intentionnelle.<\/em><\/p><p><em>Maison Royale Paris ne suit pas les tendances. Nos vêtements sont conçus pour durer et sublimer votre style, saison après saison.<\/em><\/p>","enlarge_text":false}},"button_JxVCDT":{"type":"button","disabled":true,"settings":{"button_label":"Button text","button_link":"","button_style":"primary"}}},"block_order":["heading_7i3CnD","heading_VmNJDH","heading_mqBFee","heading_qWxNER","text_FCENKF","button_JxVCDT"],"disabled":true,"name":"t:global20240603122814.name_511","settings":{"image":"shopify:\/\/shop_images\/1c5811472d2e5ee25b54440abe1166e8.jpg","image_width":700,"image_link":"","image_position":"left","text_alignment":"center","color_scheme":"default"}},"image_with_text_xHmKGW":{"type":"image-with-text","blocks":{"heading_DfhBpa":{"type":"heading","settings":{"title":"Là où la tradition rencontre la modernité","use_h1":false}},"text_ncF6JX":{"type":"text","settings":{"text":"<p><em>Chez <\/em><em><strong>Maison Royale Paris<\/strong><\/em><em>, nous célébrons l’héritage tout en embrassant un art de vivre moderne. Ici, l’équilibre prime : la sophistication discrète de la couture intemporelle se mêle à la fluidité et à la confiance du vêtement quotidien.<\/em><\/p><p><em>Nos collections sont conçues pour relier tradition et présent, proposant des pièces incontournables qui allient élégance et praticité, sans jamais en faire trop. Chaque création rend hommage à une esthétique durable, pensée avec soin, intention et attention aux détails.<\/em><\/p><p><em>Maison Royale Paris ne se limite pas à des vêtements — c’est une philosophie de raffinement, de force subtile et de style naturel. Il ne s’agit pas seulement de s’habiller pour une occasion, mais pour la vie elle-même. Avec nos pièces, vous avancez toujours avec confiance, saison après saison.<\/em><\/p>","enlarge_text":false}},"button_tyk6eV":{"type":"button","disabled":true,"settings":{"button_label":"Button text","button_link":"","button_style":"primary"}}},"block_order":["heading_DfhBpa","text_ncF6JX","button_tyk6eV"],"disabled":true,"name":"t:global20240603122814.name_511","settings":{"image":"shopify:\/\/shop_images\/e7defc5baf706c0081a1633a83cf6b4a.jpg","image_width":700,"image_link":"","image_position":"right","text_alignment":"left","color_scheme":"default"}},"featured_collection_rm8Lgb":{"type":"featured-collection","disabled":true,"name":"t:global20240603122814.name_301","settings":{"title":"Nos meilleures ventes","collection":"nos-best-sellers","show_vendor":false,"enable_carousel":true,"grid":4,"rows":1,"color_scheme":"default","show_view_all":true,"full_width":true}},"collapsible_tabs_AUqxcc":{"type":"collapsible-tabs","blocks":{"question_r6CPMh":{"type":"question","settings":{"title":"Quel est le délai de livraison ?","answer":"<p>Votre commande sera traitée et expédiée sous 24 heures à 3 jours. La livraison, gratuite, peut varier selon les produits : certains sont livrés en 8 jours seulement, tandis que d'autres peuvent prendre jusqu'à 20 jours ouvrés.<\/p><p>Si vous souhaitez savoir si un produit sera livré dans les 8 jours ou si cela prendra plus de temps, veuillez nous contacter.<\/p><p><\/p><p>\/!\\ Nous ne rembourserons pas les commandes dont le motif de retour est le délai de livraison, si ce dernier n'a pas été retardé.<\/p>"}},"question_zAAqqE":{"type":"question","settings":{"title":"Comment choisir la bonne taille ?","answer":"<p>Pour choisir la bonne taille lors de l'achat d'un produit, il est essentiel de consulter le tableau des tailles fourni dans la description du produit. Veuillez noter que nos tailles sont généralement plus petites que les normes européennes. Prenez donc le temps de mesurer précisément et de comparer vos mesures avec les instructions fournies pour vous assurer d'une entière satisfaction.<\/p>"}},"question_VC4RtP":{"type":"question","settings":{"title":"Comment puis-je suivre mon colis ?","answer":"<p>Vous pouvez suivre votre livraison en direct via le lien suivant : <a href=\"https:\/\/style-old-money.com\/apps\/suivre-ma-commande\" target=\"_blank\" title=\"Suivez votre ancien mandat\">Suivre ma commande<\/a> .<\/p>"}},"question_VgW9ik":{"type":"question","settings":{"title":"Mes données sont-elles en sécurité ?","answer":"<p>Chez Maison Royale Paris, vos informations ne seront ni partagées ni vendues. Nous les utilisons uniquement pour vous contacter afin d'assurer le bon traitement de votre commande ou pour vous tenir informé(e) des dernières actualités si vous êtes abonné(e) à notre newsletter.<\/p>"}}},"block_order":["question_r6CPMh","question_zAAqqE","question_VC4RtP","question_VgW9ik"],"disabled":true,"name":"t:global20240603122814.name_174","settings":{"title":"Questions fréquemment posées"}},"image_link_blocks_7JtMRt":{"type":"image-link-blocks","blocks":{"item_JXH7Kc":{"type":"item","settings":{"stretch_image":true,"link_text":"","link_url":"","background":"","text_color":"#ffffff","overlay_color":"#000000","overlay_opacity":0}},"item_wb4DP8":{"type":"item","disabled":true,"settings":{"stretch_image":true,"link_text":"","link_url":"","background":"","text_color":"#ffffff","overlay_color":"#000000","overlay_opacity":0}},"item_7B7aNa":{"type":"item","disabled":true,"settings":{"stretch_image":true,"link_text":"","link_url":"","background":"","text_color":"#ffffff","overlay_color":"#000000","overlay_opacity":0}},"item_NDtwdX":{"type":"item","disabled":true,"settings":{"stretch_image":true,"link_text":"","link_url":"","background":"","text_color":"#ffffff","overlay_color":"#000000","overlay_opacity":0}}},"block_order":["item_JXH7Kc","item_wb4DP8","item_7B7aNa","item_NDtwdX"],"disabled":true,"name":"Image link blocks","settings":{"full_width":false,"block_size":"small","subheading":"","title":"","content":"","link_url":"","link_text":"","background":"","background_gradient":"","text_color":"","heading_color":"","heading_gradient":""}},"gallery_UCnwEk":{"type":"gallery","blocks":{"media_DwVtnR":{"type":"media","disabled":true,"settings":{"enlarge_media":true,"subheading":"Gallery","title":"Tell your story","button_label":"","link":"","text_alignment":"bottom left"}},"media_RJzijN":{"type":"media","settings":{"enlarge_media":false,"subheading":"","title":"","button_label":"","link":"","text_alignment":"bottom right"}},"media_t796qz":{"type":"media","settings":{"enlarge_media":false,"subheading":"Gallery","title":"Tell your story","button_label":"","link":"","text_alignment":"bottom left"}},"media_RKDtAm":{"type":"media","disabled":true,"settings":{"enlarge_media":false,"subheading":"Gallery","title":"Tell your story","button_label":"","link":"","text_alignment":"bottom left"}},"media_p3mRTx":{"type":"media","disabled":true,"settings":{"enlarge_media":true,"subheading":"Gallery","title":"Tell your story","button_label":"","link":"","text_alignment":"bottom left"}}},"block_order":["media_DwVtnR","media_RJzijN","media_t796qz","media_RKDtAm","media_p3mRTx"],"disabled":true,"name":"t:global20240603122814.name_420","settings":{"grid_desktop":2,"grid_mobile":"1","height":"fixed","desktop_image_height":460,"mobile_image_height":400,"title_size":30,"title_size_mobile":22,"enable_margin":true,"enable_row_spacing":true,"full_width":false,"color_scheme":"default","enable_carousel":true,"overlay_style":"full","button_style":"primary"}}},"order":["main","rich_text_NT6mVw","collapsible_tabs_g387KW","collapsible_tabs_gqApJW","slideshow_tATidN","image_with_text_dWTf9r","image_with_text_xHmKGW","featured_collection_rm8Lgb","collapsible_tabs_AUqxcc","image_link_blocks_7JtMRt","gallery_UCnwEk"]}