{"sections":{"main":{"type":"main-product","blocks":{"title":{"type":"title","settings":{}},"price":{"type":"price","settings":{}},"vendor":{"type":"vendor","settings":{}},"divider":{"type":"divider","settings":{}},"variant-picker":{"type":"variant-picker","settings":{}},"buy-buttons":{"type":"buy-buttons","settings":{}},"description":{"type":"description","settings":{}}},"block_order":["title","price","vendor","divider","variant-picker","buy-buttons","description"],"settings":{}},"related-products":{"type":"related-products","settings":{}}},"order":["main","related-products"]}