[
  {
    "name": "theme_info",
    "theme_name": "Symmetry",
    "theme_author": "Clean Canvas",
    "theme_version": "7.2.1",
    "theme_documentation_url": "http://cleancanvas.co.uk/support/symmetry/",
    "theme_support_url": "http://cleancanvas.co.uk/support/symmetry/"
  },
  {
    "name": "t:global20240603122814.name_48",
    "settings": [
      {
        "type": "range",
        "id": "max_page_width",
        "min": 1100,
        "max": 2200,
        "step": 20,
        "unit": "px",
        "label": "t:global20240603122814.label_729",
        "default": 1480
      },
      {
        "type": "checkbox",
        "id": "use_fullwidth_layout",
        "label": "t:global20240603122814.label_730",
        "default": true
      }
    ]
  },
  {
    "name": "t:global20240603122814.name_214",
    "settings": [
      {
        "type": "header",
        "content": "t:global20240603122814.content_18"
      },
      {
        "type": "color",
        "id": "font_col_base",
        "label": "t:global20240603122814.label_731",
        "default": "#333"
      },
      {
        "type": "color",
        "id": "font_col_link",
        "label": "t:global20240603122814.label_6",
        "default": "#111"
      },
      {
        "type": "color",
        "id": "font_col_heads",
        "label": "t:global20240603122814.label_732",
        "default": "#111"
      },
      {
        "type": "color",
        "id": "font_col_shoptitle",
        "label": "t:global20240603122814.label_733"
      },
      {
        "type": "color",
        "id": "prod_label_sale_text",
        "label": "t:global20240603122814.label_734",
        "default": "#b33323"
      },
      {
        "type": "color",
        "id": "prod_label_sold_text",
        "label": "t:global20240603122814.label_735",
        "default": "#232323"
      },
      {
        "type": "color",
        "id": "prod_label_pre_text",
        "label": "t:global20240603122814.label_736",
        "default": "#232323"
      },
      {
        "type": "header",
        "content": "t:global20240603122814.content_737"
      },
      {
        "type": "color",
        "id": "btn_color",
        "label": "t:global20240603122814.label_162",
        "default": "#232323"
      },
      {
        "type": "color",
        "id": "btn_color_hover",
        "label": "t:global20240603122814.label_738",
        "default": "#000000"
      },
      {
        "type": "color",
        "id": "btn_color_text",
        "label": "t:global20240603122814.label_18",
        "default": "#ffffff"
      },
      {
        "type": "header",
        "content": "t:global20240603122814.content_739"
      },
      {
        "type": "color",
        "id": "btn_alt_bg",
        "label": "t:global20240603122814.label_162",
        "default": "#ffffff"
      },
      {
        "type": "color",
        "id": "btn_alt_text",
        "label": "t:global20240603122814.label_740",
        "default": "#232323"
      },
      {
        "type": "header",
        "content": "t:global20240603122814.content_162"
      },
      {
        "type": "color",
        "id": "bg_col",
        "label": "t:global20240603122814.label_720",
        "default": "#ffffff"
      },
      {
        "type": "image_picker",
        "id": "bg_image",
        "label": "t:global20240603122814.label_211"
      },
      {
        "type": "select",
        "id": "bg_method",
        "label": "t:global20240603122814.label_741",
        "default": "center top no-repeat",
        "options": [
          {
            "value": "repeat",
            "label": "t:global20240603122814.label_742"
          },
          {
            "value": "center top repeat-x",
            "label": "t:global20240603122814.label_743"
          },
          {
            "value": "center top repeat-y",
            "label": "t:global20240603122814.label_744"
          },
          {
            "value": "center top no-repeat",
            "label": "t:global20240603122814.label_745"
          }
        ]
      },
      {
        "type": "header",
        "content": "t:global20240603122814.content_433"
      },
      {
        "type": "color",
        "id": "head_bg_col",
        "label": "t:global20240603122814.label_162",
        "default": "#ffffff"
      },
      {
        "type": "color",
        "id": "head_txt_col",
        "label": "t:global20240603122814.label_18",
        "default": "#232323"
      },
      {
        "type": "header",
        "content": "t:global20240603122814.content_746"
      },
      {
        "type": "color",
        "id": "head_nav_div_col",
        "label": "t:global20240603122814.label_747"
      },
      {
        "type": "color",
        "id": "font_col_nav",
        "label": "t:global20240603122814.label_18"
      },
      {
        "type": "color",
        "id": "font_col_nav_hov",
        "label": "t:global20240603122814.label_748"
      },
      {
        "type": "color",
        "id": "panel_nav_bg",
        "label": "t:global20240603122814.label_162"
      },
      {
        "type": "color",
        "id": "nav_featured_col",
        "label": "t:global20240603122814.label_749",
        "default": "#dd6666"
      },
      {
        "type": "header",
        "content": "t:global20240603122814.content_750"
      },
      {
        "type": "paragraph",
        "content": "t:global20240603122814.content_751"
      },
      {
        "type": "color",
        "id": "image_overlay_text",
        "label": "t:global20240603122814.label_18",
        "default": "#ffffff"
      },
      {
        "type": "color",
        "id": "image_overlay_bg",
        "label": "t:global20240603122814.label_752",
        "default": "#000000"
      },
      {
        "type": "range",
        "id": "image_overlay_opacity",
        "min": 0,
        "max": 100,
        "step": 1,
        "unit": "%",
        "label": "t:global20240603122814.label_753",
        "default": 30
      },
      {
        "type": "range",
        "id": "image_overlay_shadow_opacity",
        "min": 0,
        "max": 100,
        "step": 1,
        "unit": "%",
        "label": "t:global20240603122814.label_754",
        "default": 20
      },
      {
        "type": "range",
        "id": "image_overlay_box_opacity",
        "min": 0,
        "max": 100,
        "step": 1,
        "unit": "%",
        "label": "t:global20240603122814.label_755",
        "info": "t:global20240603122814.info_756",
        "default": 100
      },
      {
        "type": "select",
        "id": "image_overlay_box_scheme",
        "label": "t:global20240603122814.label_757",
        "default": "page",
        "options": [
          {
            "label": "t:global20240603122814.label_758",
            "value": "page"
          },
          {
            "label": "t:global20240603122814.label_759",
            "value": "scheme"
          }
        ]
      },
      {
        "type": "header",
        "content": "t:global20240603122814.content_760"
      },
      {
        "type": "color",
        "id": "color_scheme_1_col",
        "label": "t:global20240603122814.label_162",
        "default": "#f2f2f2"
      },
      {
        "type": "color_background",
        "id": "color_scheme_1_gradient",
        "label": "t:global20240603122814.label_163"
      },
      {
        "type": "color",
        "id": "color_scheme_1_head_col",
        "label": "t:global20240603122814.label_732",
        "default": "#343434"
      },
      {
        "type": "color",
        "id": "color_scheme_1_text_col",
        "label": "t:global20240603122814.label_18",
        "default": "#343434"
      },
      {
        "type": "color",
        "id": "color_scheme_1_link_col",
        "label": "t:global20240603122814.label_82",
        "default": "#343434"
      },
      {
        "type": "checkbox",
        "id": "color_scheme_1_overrides_enabled",
        "label": "t:global20240603122814.label_761",
        "info": "t:global20240603122814.info_762",
        "default": false
      },
      {
        "type": "paragraph",
        "content": "t:global20240603122814.content_763"
      },
      {
        "type": "color",
        "id": "color_scheme_1_btn_color",
        "label": "t:global20240603122814.label_162",
        "default": "#232323"
      },
      {
        "type": "color",
        "id": "color_scheme_1_btn_color_hover",
        "label": "t:global20240603122814.label_764",
        "default": "#000000"
      },
      {
        "type": "color",
        "id": "color_scheme_1_btn_color_text",
        "label": "t:global20240603122814.label_18",
        "default": "#ffffff"
      },
      {
        "type": "paragraph",
        "content": "t:global20240603122814.content_765"
      },
      {
        "type": "color",
        "id": "color_scheme_1_btn_alt_bg",
        "label": "t:global20240603122814.label_162",
        "default": "#ffffff"
      },
      {
        "type": "color",
        "id": "color_scheme_1_btn_alt_text",
        "label": "t:global20240603122814.label_740",
        "default": "#232323"
      },
      {
        "type": "header",
        "content": "t:global20240603122814.content_766"
      },
      {
        "type": "color",
        "id": "color_scheme_2_col",
        "label": "t:global20240603122814.label_162",
        "default": "#f2f2f2"
      },
      {
        "type": "color_background",
        "id": "color_scheme_2_gradient",
        "label": "t:global20240603122814.label_163"
      },
      {
        "type": "color",
        "id": "color_scheme_2_head_col",
        "label": "t:global20240603122814.label_732",
        "default": "#343434"
      },
      {
        "type": "color",
        "id": "color_scheme_2_text_col",
        "label": "t:global20240603122814.label_18",
        "default": "#343434"
      },
      {
        "type": "color",
        "id": "color_scheme_2_link_col",
        "label": "t:global20240603122814.label_82",
        "default": "#343434"
      },
      {
        "type": "checkbox",
        "id": "color_scheme_2_overrides_enabled",
        "label": "t:global20240603122814.label_761",
        "info": "t:global20240603122814.info_762",
        "default": false
      },
      {
        "type": "paragraph",
        "content": "t:global20240603122814.content_763"
      },
      {
        "type": "color",
        "id": "color_scheme_2_btn_color",
        "label": "t:global20240603122814.label_162",
        "default": "#232323"
      },
      {
        "type": "color",
        "id": "color_scheme_2_btn_color_hover",
        "label": "t:global20240603122814.label_764",
        "default": "#000000"
      },
      {
        "type": "color",
        "id": "color_scheme_2_btn_color_text",
        "label": "t:global20240603122814.label_18",
        "default": "#ffffff"
      },
      {
        "type": "paragraph",
        "content": "t:global20240603122814.content_765"
      },
      {
        "type": "color",
        "id": "color_scheme_2_btn_alt_bg",
        "label": "t:global20240603122814.label_162",
        "default": "#ffffff"
      },
      {
        "type": "color",
        "id": "color_scheme_2_btn_alt_text",
        "label": "t:global20240603122814.label_740",
        "default": "#232323"
      },
      {
        "type": "header",
        "content": "t:global20240603122814.content_767"
      },
      {
        "type": "select",
        "id": "quickbuy_color_scheme",
        "label": "t:global20240603122814.label_170",
        "default": "1",
        "options": [
          {
            "value": "default",
            "label": "t:global20240603122814.label_171"
          },
          {
            "value": "1",
            "label": "t:global20240603122814.label_172"
          },
          {
            "value": "2",
            "label": "t:global20240603122814.label_173"
          }
        ]
      },
      {
        "type": "header",
        "content": "t:global20240603122814.content_768"
      },
      {
        "type": "color",
        "id": "prod_over_redu_text",
        "label": "t:global20240603122814.label_769",
        "default": "#ffffff"
      },
      {
        "type": "color",
        "id": "prod_over_redu_bg",
        "label": "t:global20240603122814.label_770",
        "default": "#860001"
      },
      {
        "type": "color",
        "id": "prod_over_low_text",
        "label": "t:global20240603122814.label_771",
        "default": "#ffffff"
      },
      {
        "type": "color",
        "id": "prod_over_low_bg",
        "label": "t:global20240603122814.label_772",
        "default": "#09728c"
      },
      {
        "type": "color",
        "id": "prod_over_new_text",
        "label": "t:global20240603122814.label_773",
        "default": "#ffffff"
      },
      {
        "type": "color",
        "id": "prod_over_new_bg",
        "label": "t:global20240603122814.label_774",
        "default": "#09728c"
      },
      {
        "type": "color",
        "id": "prod_over_meta_text",
        "label": "t:global20240603122814.label_775",
        "default": "#ffffff"
      },
      {
        "type": "color",
        "id": "prod_over_meta_bg",
        "label": "t:global20240603122814.label_776",
        "default": "#09728c"
      },
      {
        "type": "header",
        "content": "t:global20240603122814.content_777"
      },
      {
        "type": "color",
        "id": "prod_inv_in_text",
        "label": "t:global20240603122814.label_778",
        "default": "#108043"
      },
      {
        "type": "color",
        "id": "prod_inv_in_box",
        "label": "t:global20240603122814.label_779",
        "default": "#f2faf0"
      },
      {
        "type": "color",
        "id": "prod_inv_low_text",
        "label": "t:global20240603122814.label_780",
        "default": "#dd9a1a"
      },
      {
        "type": "color",
        "id": "prod_inv_low_box",
        "label": "t:global20240603122814.label_781",
        "default": "#fcf1cd"
      },
      {
        "type": "header",
        "content": "t:global20240603122814.content_782"
      },
      {
        "type": "color",
        "id": "prod_rating_star",
        "label": "t:global20240603122814.label_783",
        "default": "#808284"
      },
      {
        "type": "header",
        "content": "t:global20240603122814.content_404"
      },
      {
        "type": "color",
        "id": "foot_bg_col",
        "label": "t:global20240603122814.label_162",
        "default": "#ffffff"
      },
      {
        "type": "color",
        "id": "foot_text_col",
        "label": "t:global20240603122814.label_18",
        "default": "#777777"
      },
      {
        "type": "color",
        "id": "foot_heading_col",
        "label": "t:global20240603122814.label_732",
        "default": "#000000"
      },
      {
        "type": "color",
        "id": "foot_divider_col",
        "label": "t:global20240603122814.label_747",
        "default": "#e2e2e2"
      }
    ]
  },
  {
    "name": "t:global20240603122814.name_784",
    "settings": [
      {
        "type": "header",
        "content": "t:global20240603122814.content_785"
      },
      {
        "type": "font_picker",
        "id": "type_heading_font",
        "label": "t:global20240603122814.label_732",
        "default": "cardo_n4"
      },
      {
        "type": "checkbox",
        "id": "capitalize_headings",
        "label": "t:global20240603122814.label_786",
        "default": false
      },
      {
        "type": "font_picker",
        "id": "type_base_font",
        "label": "t:global20240603122814.label_787",
        "default": "lato_n4"
      },
      {
        "type": "font_picker",
        "id": "type_nav_font",
        "label": "t:global20240603122814.label_446",
        "default": "lato_n4"
      },
      {
        "type": "checkbox",
        "id": "bold_mobile_nav",
        "label": "t:global20240603122814.label_788",
        "default": true
      },
      {
        "type": "font_picker",
        "id": "type_logo_font",
        "label": "t:global20240603122814.label_733",
        "info": "t:global20240603122814.info_789",
        "default": "cardo_n4"
      },
      {
        "type": "header",
        "content": "t:global20240603122814.content_790"
      },
      {
        "type": "range",
        "id": "font_size_heading_int",
        "min": 12,
        "max": 50,
        "step": 1,
        "unit": "px",
        "label": "t:global20240603122814.label_67",
        "default": 34
      },
      {
        "type": "range",
        "id": "font_size_base_int",
        "min": 12,
        "max": 20,
        "step": 1,
        "unit": "px",
        "label": "t:global20240603122814.label_731",
        "default": 15
      },
      {
        "type": "range",
        "id": "font_size_nav_int",
        "min": 10,
        "max": 20,
        "step": 1,
        "unit": "px",
        "label": "t:global20240603122814.label_446",
        "default": 12
      },
      {
        "type": "range",
        "id": "font_size_logo_int",
        "min": 12,
        "max": 50,
        "step": 1,
        "unit": "px",
        "label": "t:global20240603122814.label_733",
        "default": 24
      },
      {
        "type": "header",
        "content": "t:global20240603122814.content_348"
      },
      {
        "type": "select",
        "id": "button_style",
        "label": "t:global20240603122814.label_32",
        "options": [
          {
            "value": "normal",
            "label": "t:global20240603122814.label_791"
          },
          {
            "value": "caps",
            "label": "t:global20240603122814.label_792"
          }
        ],
        "default": "normal"
      },
      {
        "type": "select",
        "id": "button_shape",
        "label": "t:global20240603122814.label_793",
        "options": [
          {
            "value": "sharp",
            "label": "t:global20240603122814.label_794"
          },
          {
            "value": "slightlyrounded",
            "label": "t:global20240603122814.label_795"
          }
        ],
        "default": "sharp"
      }
    ]
  },
  {
    "name": "t:global20240603122814.name_796",
    "settings": [
      {
        "type": "select",
        "id": "prod_thumb_shape",
        "label": "t:global20240603122814.label_184",
        "options": [
          {
            "value": "shortest",
            "label": "t:global20240603122814.label_185"
          },
          {
            "value": "tallest",
            "label": "t:global20240603122814.label_186"
          },
          {
            "value": "landscape-32",
            "label": "t:global20240603122814.label_187"
          },
          {
            "value": "landscape-54",
            "label": "t:global20240603122814.label_188"
          },
          {
            "value": "square",
            "label": "t:global20240603122814.label_189"
          },
          {
            "value": "portrait-45",
            "label": "t:global20240603122814.label_190"
          },
          {
            "value": "portrait-23",
            "label": "t:global20240603122814.label_191"
          }
        ],
        "default": "shortest"
      },
      {
        "type": "checkbox",
        "id": "prod_thumb_crop",
        "label": "t:global20240603122814.label_797",
        "default": false
      },
      {
        "type": "select",
        "id": "prod_thumb_crop_align",
        "label": "t:global20240603122814.label_192",
        "options": [
          {
            "value": "top",
            "label": "t:global20240603122814.label_206"
          },
          {
            "value": "center",
            "label": "t:global20240603122814.label_261"
          },
          {
            "value": "bottom",
            "label": "t:global20240603122814.label_208"
          }
        ],
        "default": "center"
      },
      {
        "type": "select",
        "id": "prod_thumb_mob_per_row",
        "label": "t:global20240603122814.label_798",
        "options": [
          {
            "value": "1",
            "label": "t:global20240603122814.label_172"
          },
          {
            "value": "2",
            "label": "t:global20240603122814.label_173"
          }
        ],
        "default": "2"
      },
      {
        "type": "text_alignment",
        "id": "prod_thumb_text_align",
        "label": "t:global20240603122814.label_204",
        "default": "center"
      },
      {
        "type": "checkbox",
        "id": "prod_thumb_hover_image",
        "label": "t:global20240603122814.label_799",
        "info": "t:global20240603122814.info_800",
        "default": true
      },
      {
        "type": "checkbox",
        "id": "prod_thumb_show_subtitle",
        "label": "t:global20240603122814.label_801",
        "info": "t:global20240603122814.info_802",
        "default": true
      },
      {
        "type": "checkbox",
        "id": "prod_thumb_url_within_coll",
        "label": "t:global20240603122814.label_803",
        "info": "t:global20240603122814.info_804",
        "default": true
      },
      {
        "type": "select",
        "id": "quickbuy_style",
        "label": "t:global20240603122814.label_805",
        "info": "t:global20240603122814.info_806",
        "default": "whole",
        "options": [
          {
            "value": "button",
            "label": "t:global20240603122814.label_76"
          },
          {
            "value": "whole",
            "label": "t:global20240603122814.label_807"
          },
          {
            "value": "off",
            "label": "t:global20240603122814.label_808"
          }
        ]
      },
      {
        "type": "checkbox",
        "id": "qb_show_app_blocks",
        "label": "t:global20240603122814.label_809",
        "info": "t:global20240603122814.info_810",
        "default": false
      },
      {
        "type": "header",
        "content": "t:global20240603122814.content_811"
      },
      {
        "type": "paragraph",
        "content": "t:global20240603122814.content_812"
      },
      {
        "type": "select",
        "id": "prod_block_label_loc",
        "label": "t:global20240603122814.label_813",
        "info": "t:global20240603122814.info_814",
        "default": "middle",
        "options": [
          {
            "value": "top left",
            "label": "t:global20240603122814.label_50"
          },
          {
            "value": "top center",
            "label": "t:global20240603122814.label_51"
          },
          {
            "value": "top right",
            "label": "t:global20240603122814.label_52"
          },
          {
            "value": "middle",
            "label": "t:global20240603122814.label_261"
          },
          {
            "value": "bottom left",
            "label": "t:global20240603122814.label_56"
          },
          {
            "value": "bottom center",
            "label": "t:global20240603122814.label_57"
          },
          {
            "value": "bottom right",
            "label": "t:global20240603122814.label_58"
          }
        ]
      },
      {
        "type": "checkbox",
        "id": "prod_reduction_show",
        "label": "t:global20240603122814.label_815",
        "default": true
      },
      {
        "type": "select",
        "id": "prod_reduction_type",
        "label": "t:global20240603122814.label_816",
        "default": "percent",
        "options": [
          {
            "value": "percent",
            "label": "t:global20240603122814.label_136"
          },
          {
            "value": "value",
            "label": "t:global20240603122814.label_817"
          }
        ]
      },
      {
        "type": "checkbox",
        "id": "prod_stock_warn_show",
        "label": "t:global20240603122814.label_818",
        "default": true
      },
      {
        "type": "range",
        "id": "prod_stock_warn_limit_int",
        "min": 0,
        "max": 100,
        "step": 1,
        "label": "t:global20240603122814.label_819",
        "default": 5,
        "info": "t:global20240603122814.info_820"
      },
      {
        "type": "checkbox",
        "id": "prod_new_show",
        "label": "t:global20240603122814.label_821",
        "default": true
      },
      {
        "type": "select",
        "id": "prod_new_method",
        "label": "t:global20240603122814.label_822",
        "info": "t:global20240603122814.info_823",
        "default": "collection",
        "options": [
          {
            "value": "collection",
            "label": "t:global20240603122814.label_210"
          },
          {
            "value": "tag",
            "label": "t:global20240603122814.label_824"
          },
          {
            "value": "date",
            "label": "t:global20240603122814.label_825"
          }
        ]
      },
      {
        "type": "range",
        "id": "prod_new_limit_int",
        "min": 2,
        "max": 100,
        "step": 1,
        "label": "t:global20240603122814.label_826",
        "default": 7,
        "info": "t:global20240603122814.info_827"
      },
      {
        "type": "header",
        "content": "t:global20240603122814.content_828"
      },
      {
        "type": "checkbox",
        "id": "prod_sale_show",
        "label": "t:global20240603122814.label_829",
        "default": true
      },
      {
        "type": "checkbox",
        "id": "prod_sold_out_show",
        "label": "t:global20240603122814.label_830",
        "default": true
      },
      {
        "type": "checkbox",
        "id": "prod_pre_order_label_show",
        "label": "t:global20240603122814.label_831",
        "info": "t:global20240603122814.info_832",
        "default": true
      },
      {
        "type": "header",
        "content": "t:global20240603122814.content_833"
      },
      {
        "type": "paragraph",
        "content": "t:global20240603122814.content_834"
      },
      {
        "type": "checkbox",
        "id": "enable_product_reviews_collection",
        "label": "t:global20240603122814.label_835",
        "info": "t:global20240603122814.info_339",
        "default": true
      }
    ]
  },
  {
    "name": "t:global20240603122814.name_836",
    "settings": [
      {
        "type": "checkbox",
        "id": "swatch_enabled",
        "label": "t:global20240603122814.label_837",
        "default": false
      },
      {
        "type": "paragraph",
        "content": "t:global20240603122814.content_838"
      },
      {
        "type": "text",
        "id": "swatch_option_name",
        "label": "t:global20240603122814.label_839",
        "default": "Color,Colour,Couleur,Farbe",
        "info": "t:global20240603122814.info_840"
      },
      {
        "type": "select",
        "id": "swatch_method",
        "label": "t:global20240603122814.label_841",
        "default": "swatches",
        "options": [
          {
            "value": "swatches",
            "label": "t:global20240603122814.label_842"
          },
          {
            "value": "variant-images",
            "label": "t:global20240603122814.label_843"
          }
        ]
      },
      {
        "type": "textarea",
        "id": "swatch_value_list",
        "label": "t:global20240603122814.label_844",
        "placeholder": "Red:#ff0000\nWhite:#ffffff\nBlack:black.png\nRed Blue Stripes:#e22#22e",
        "info": "t:global20240603122814.info_845"
      },
      {
        "type": "paragraph",
        "content": "t:global20240603122814.content_846"
      },
      {
        "type": "select",
        "id": "swatch_crop_align",
        "label": "t:global20240603122814.label_847",
        "default": "center",
        "options": [
          {
            "value": "top",
            "label": "t:global20240603122814.label_206"
          },
          {
            "value": "center",
            "label": "t:global20240603122814.label_261"
          },
          {
            "value": "bottom",
            "label": "t:global20240603122814.label_208"
          }
        ]
      },
      {
        "type": "header",
        "content": "t:global20240603122814.content_345"
      },
      {
        "type": "select",
        "id": "swatch_style",
        "label": "t:global20240603122814.label_848",
        "default": "listed",
        "options": [
          {
            "value": "listed",
            "label": "t:global20240603122814.label_348"
          },
          {
            "value": "icon_square",
            "label": "t:global20240603122814.label_849"
          },
          {
            "value": "icon_circle",
            "label": "t:global20240603122814.label_850"
          },
          {
            "value": "dropdown",
            "label": "t:global20240603122814.label_349"
          }
        ]
      },
      {
        "type": "range",
        "id": "swatch_picker_image_size",
        "min": 20,
        "max": 120,
        "step": 2,
        "unit": "px",
        "label": "t:global20240603122814.label_150",
        "default": 68
      },
      {
        "type": "header",
        "content": "t:global20240603122814.content_851"
      },
      {
        "type": "checkbox",
        "id": "enable_filter_swatches",
        "label": "t:global20240603122814.label_852",
        "info": "t:global20240603122814.info_853",
        "default": false
      },
      {
        "type": "select",
        "id": "filter_swatch_layout",
        "label": "t:global20240603122814.label_854",
        "default": "two-column",
        "options": [
          {
            "value": "one-column",
            "label": "t:global20240603122814.label_320"
          },
          {
            "value": "two-column",
            "label": "t:global20240603122814.label_321"
          },
          {
            "value": "no-label",
            "label": "t:global20240603122814.label_855"
          }
        ]
      },
      {
        "type": "header",
        "content": "t:global20240603122814.content_796"
      },
      {
        "type": "checkbox",
        "id": "prod_thumb_show_options",
        "label": "t:global20240603122814.label_856",
        "default": true
      },
      {
        "type": "checkbox",
        "id": "prod_thumb_options_disable_unavailable",
        "label": "t:global20240603122814.label_857",
        "default": true
      },
      {
        "type": "text",
        "id": "prod_thumb_options_names",
        "label": "t:global20240603122814.label_858",
        "info": "t:global20240603122814.info_859"
      }
    ]
  },
  {
    "name": "t:global20240603122814.name_413",
    "settings": [
      {
        "type": "header",
        "content": "t:global20240603122814.content_860"
      },
      {
        "type": "text",
        "id": "social_facebook_url",
        "label": "t:global20240603122814.label_861",
        "info": "t:global20240603122814.info_862"
      },
      {
        "type": "text",
        "id": "social_instagram_url",
        "label": "t:global20240603122814.label_863",
        "info": "t:global20240603122814.info_864"
      },
      {
        "type": "text",
        "id": "social_linkedin_url",
        "label": "t:global20240603122814.label_865",
        "info": "t:global20240603122814.info_866"
      },
      {
        "type": "text",
        "id": "social_pinterest_url",
        "label": "t:global20240603122814.label_867",
        "info": "t:global20240603122814.info_868"
      },
      {
        "type": "text",
        "id": "social_tiktok_url",
        "label": "t:global20240603122814.label_869",
        "info": "t:global20240603122814.info_870"
      },
      {
        "type": "text",
        "id": "social_twitch_url",
        "label": "t:global20240603122814.label_871",
        "info": "t:global20240603122814.info_872"
      },
      {
        "type": "text",
        "id": "social_twitter_url",
        "label": "t:global20240603122814.label_873",
        "info": "t:global20240603122814.info_874"
      },
      {
        "type": "select",
        "id": "social_twitter_icon",
        "label": "t:global20240603122814.label_875",
        "default": "x",
        "options": [
          {
            "value": "x",
            "label": "t:global20240603122814.label_876"
          },
          {
            "value": "bird",
            "label": "t:global20240603122814.label_877"
          }
        ]
      },
      {
        "type": "text",
        "id": "social_threads_url",
        "label": "t:global20240603122814.label_878",
        "info": "t:global20240603122814.info_879"
      },
      {
        "type": "text",
        "id": "social_discord_url",
        "label": "t:global20240603122814.label_880",
        "info": "t:global20240603122814.info_881"
      },
      {
        "type": "text",
        "id": "social_mastodon_url",
        "label": "t:global20240603122814.label_882",
        "info": "t:global20240603122814.info_883"
      },
      {
        "type": "text",
        "id": "social_youtube_url",
        "label": "t:global20240603122814.label_884",
        "info": "t:global20240603122814.info_885"
      },
      {
        "type": "text",
        "id": "social_vimeo_url",
        "label": "t:global20240603122814.label_886",
        "info": "t:global20240603122814.info_887"
      },
      {
        "type": "text",
        "id": "social_tumblr_url",
        "label": "t:global20240603122814.label_888",
        "info": "t:global20240603122814.info_889"
      },
      {
        "type": "text",
        "id": "social_snapchat_url",
        "label": "t:global20240603122814.label_890",
        "info": "t:global20240603122814.info_891"
      },
      {
        "type": "text",
        "id": "social_spotify_url",
        "label": "t:global20240603122814.label_892",
        "info": "t:global20240603122814.info_893"
      },
      {
        "type": "text",
        "id": "social_wechat_url",
        "label": "t:global20240603122814.label_894",
        "info": "t:global20240603122814.info_895"
      },
      {
        "type": "text",
        "id": "social_whatsapp_url",
        "label": "t:global20240603122814.label_896",
        "info": "t:global20240603122814.info_897"
      },
      {
        "type": "header",
        "content": "t:global20240603122814.content_898",
        "info": "t:global20240603122814.info_899"
      },
      {
        "type": "image_picker",
        "id": "social_custom_icon",
        "label": "t:global20240603122814.label_149"
      },
      {
        "type": "text",
        "id": "social_custom_url",
        "label": "t:global20240603122814.label_898",
        "info": "t:global20240603122814.info_900"
      }
    ]
  },
  {
    "name": "t:global20240603122814.name_462",
    "settings": [
      {
        "type": "checkbox",
        "id": "show_search_suggestions",
        "label": "t:global20240603122814.label_901",
        "default": true
      },
      {
        "type": "paragraph",
        "content": "t:global20240603122814.content_902"
      },
      {
        "type": "checkbox",
        "id": "enable_quick_header_search",
        "label": "t:global20240603122814.label_903",
        "default": true
      },
      {
        "type": "checkbox",
        "id": "quick_search_show_vendor",
        "label": "t:global20240603122814.label_904",
        "default": false
      },
      {
        "type": "checkbox",
        "id": "quick_search_show_price",
        "label": "t:global20240603122814.label_905",
        "info": "t:global20240603122814.info_906",
        "default": true
      },
      {
        "type": "checkbox",
        "id": "quick_search_search_meta",
        "label": "t:global20240603122814.label_907",
        "info": "t:global20240603122814.info_908",
        "default": false
      },
      {
        "type": "header",
        "content": "t:global20240603122814.content_183"
      },
      {
        "type": "select",
        "id": "coll_grid_image_shape",
        "label": "t:global20240603122814.label_184",
        "options": [
          {
            "value": "shortest",
            "label": "t:global20240603122814.label_185"
          },
          {
            "value": "tallest",
            "label": "t:global20240603122814.label_186"
          },
          {
            "value": "landscape-32",
            "label": "t:global20240603122814.label_187"
          },
          {
            "value": "landscape-54",
            "label": "t:global20240603122814.label_188"
          },
          {
            "value": "square",
            "label": "t:global20240603122814.label_189"
          },
          {
            "value": "portrait-45",
            "label": "t:global20240603122814.label_190"
          },
          {
            "value": "portrait-23",
            "label": "t:global20240603122814.label_191"
          }
        ],
        "default": "square"
      },
      {
        "type": "select",
        "id": "coll_grid_image_position",
        "label": "t:global20240603122814.label_192",
        "info": "t:global20240603122814.info_193",
        "default": "center center",
        "options": [
          {
            "value": "top left",
            "label": "t:global20240603122814.label_50"
          },
          {
            "value": "top center",
            "label": "t:global20240603122814.label_51"
          },
          {
            "value": "top right",
            "label": "t:global20240603122814.label_52"
          },
          {
            "value": "center left",
            "label": "t:global20240603122814.label_53"
          },
          {
            "value": "center center",
            "label": "t:global20240603122814.label_54"
          },
          {
            "value": "center right",
            "label": "t:global20240603122814.label_55"
          },
          {
            "value": "bottom left",
            "label": "t:global20240603122814.label_56"
          },
          {
            "value": "bottom center",
            "label": "t:global20240603122814.label_57"
          },
          {
            "value": "bottom right",
            "label": "t:global20240603122814.label_58"
          }
        ]
      },
      {
        "type": "select",
        "id": "coll_thumb_mob_per_row",
        "label": "t:global20240603122814.label_194",
        "options": [
          {
            "value": "1",
            "label": "t:global20240603122814.label_172"
          },
          {
            "value": "2",
            "label": "t:global20240603122814.label_173"
          }
        ],
        "default": "2"
      },
      {
        "type": "checkbox",
        "id": "coll_grid_show_count",
        "label": "t:global20240603122814.label_195",
        "default": true
      },
      {
        "id": "coll_text_position",
        "type": "select",
        "label": "t:global20240603122814.label_617",
        "default": "below",
        "options": [
          {
            "value": "below",
            "label": "t:global20240603122814.label_197"
          },
          {
            "value": "over-full",
            "label": "t:global20240603122814.label_198"
          },
          {
            "value": "over-box",
            "label": "t:global20240603122814.label_199"
          },
          {
            "value": "over-shadow",
            "label": "t:global20240603122814.label_200"
          },
          {
            "value": "over-full image-overlay--bg-shadow",
            "label": "t:global20240603122814.label_201"
          },
          {
            "value": "over-no_background",
            "label": "t:global20240603122814.label_202"
          }
        ]
      },
      {
        "id": "coll_text_position_under_mobile",
        "type": "checkbox",
        "label": "t:global20240603122814.label_203",
        "default": false
      },
      {
        "type": "text_alignment",
        "id": "coll_thumb_text_align_x",
        "label": "t:global20240603122814.label_204",
        "default": "center"
      },
      {
        "type": "select",
        "id": "coll_thumb_text_align_y",
        "label": "t:global20240603122814.label_205",
        "options": [
          {
            "value": "top",
            "label": "t:global20240603122814.label_206"
          },
          {
            "value": "center",
            "label": "t:global20240603122814.label_207"
          },
          {
            "value": "bottom",
            "label": "t:global20240603122814.label_208"
          }
        ],
        "default": "center"
      }
    ]
  },
  {
    "name": "t:global20240603122814.name_909",
    "settings": [
      {
        "type": "image_picker",
        "id": "favicon",
        "label": "t:global20240603122814.label_211",
        "info": "t:global20240603122814.info_910"
      }
    ]
  },
  {
    "name": "t:global20240603122814.name_911",
    "settings": [
      {
        "type": "checkbox",
        "id": "animations_enabled_desktop",
        "label": "t:global20240603122814.label_912",
        "info": "t:global20240603122814.info_913",
        "default": true
      },
      {
        "type": "checkbox",
        "id": "animations_disabled_first_section",
        "label": "t:global20240603122814.label_914",
        "info": "t:global20240603122814.info_915",
        "default": true
      }
    ]
  },
  {
    "name": "t:global20240603122814.name_159",
    "settings": [
      {
        "type": "select",
        "id": "cart_type",
        "label": "t:global20240603122814.label_916",
        "options": [
          {
            "value": "drawer",
            "label": "t:global20240603122814.label_917"
          },
          {
            "value": "page",
            "label": "t:global20240603122814.label_373"
          }
        ],
        "default": "drawer"
      },
      {
        "type": "select",
        "id": "after_add_to_cart",
        "label": "t:global20240603122814.label_918",
        "info": "t:global20240603122814.info_919",
        "options": [
          {
            "value": "drawer",
            "label": "t:global20240603122814.label_920"
          },
          {
            "value": "notification",
            "label": "t:global20240603122814.label_921"
          },
          {
            "value": "page",
            "label": "t:global20240603122814.label_922"
          },
          {
            "value": "no-js",
            "label": "t:global20240603122814.label_923"
          }
        ],
        "default": "notification"
      },
            {
        "type": "text",
        "id": "timer_text",
        "label": "Timer Text",
        "default":"YOUR ORDER IS RESERVED FOR"
      },
      {
        "type": "color",
        "id": "timer_border",
        "label": "Timer Border",
        "default":"#94e374"
      },
      {
        "type": "color",
        "id": "timer_text_color",
        "label": "Timer Text Color",
        "default":"#094b00"
      },
      {
        "type": "color",
        "id": "timer_bg",
        "label": "Timer BG",
        "default":"#dcffd3"
      },
      {
        "type": "header",
        "content": "t:global20240603122814.content_924"
      },
      {
        "type": "checkbox",
        "id": "show_free_shipping_bar",
        "label": "t:global20240603122814.label_925",
        "default": false
      },
      {
        "type": "paragraph",
        "content": "t:global20240603122814.content_926"
      },
      {
        "type": "paragraph",
        "content": "t:global20240603122814.content_927"
      },
      {
        "type": "paragraph",
        "content": "t:global20240603122814.content_928"
      },
      {
        "type": "paragraph",
        "content": "t:global20240603122814.content_929"
      },
      {
        "type": "textarea",
        "id": "free_shipping_amounts",
        "label": "t:global20240603122814.label_930",
        "placeholder": "USD:4500",
        "info": "t:global20240603122814.info_931"
      },
      {
        "type": "paragraph",
        "content": "t:global20240603122814.content_932"
      },
      {
        "type": "color",
        "id": "free_shipping_bar_col_under",
        "label": "t:global20240603122814.label_933",
        "default": "#00800a"
      },
      {
        "type": "color",
        "id": "free_shipping_bar_col_met",
        "label": "t:global20240603122814.label_934",
        "default": "#00800a"
      }
    ]
  },
  {
    "name": "t:global20240603122814.name_935",
    "settings": [
      {
        "type": "header",
        "content": "t:global20240603122814.content_936"
      },
      {
        "type": "paragraph",
        "content": "t:global20240603122814.content_937"
      },
      {
        "type": "checkbox",
        "id": "product_currency_code_enabled",
        "label": "t:global20240603122814.label_938",
        "default": false
      },
      {
        "type": "checkbox",
        "id": "cart_currency_code_enabled",
        "label": "t:global20240603122814.label_939",
        "info": "t:global20240603122814.info_940",
        "default": false
      }
    ]
  },
  {
    "name": "t:global20240603122814.name_941",
    "settings": [
      {
        "type": "checkbox",
        "id": "ajax_products",
        "label": "t:global20240603122814.label_942",
        "default": true,
        "info": "t:global20240603122814.info_943"
      },
      {
        "type": "header",
        "content": "t:global20240603122814.content_6"
      },
      {
        "type": "checkbox",
        "id": "external_links_new_tab",
        "label": "t:global20240603122814.label_944",
        "default": true
      },
      {
        "type": "checkbox",
        "id": "internal_links_smooth_scroll",
        "label": "t:global20240603122814.label_945",
        "default": true
      },
      {
        "type": "header",
        "content": "t:global20240603122814.content_946"
      },
      {
        "type": "select",
        "id": "image_quality",
        "label": "t:global20240603122814.label_947",
        "options": [
          {
            "value": "1",
            "label": "t:global20240603122814.label_948"
          },
          {
            "value": "1.25",
            "label": "t:global20240603122814.label_949"
          },
          {
            "value": "1.5",
            "label": "t:global20240603122814.label_950"
          }
        ],
        "default": "1",
        "info": "t:global20240603122814.info_951"
      },
      {
        "type": "checkbox",
        "id": "preload_pdp_gallery_images",
        "label": "t:global20240603122814.label_952",
        "default": true
      },
      {
        "type": "header",
        "content": "t:global20240603122814.content_953"
      },
      {
        "type": "paragraph",
        "content": "t:global20240603122814.content_954"
      },
      {
        "type": "html",
        "id": "custom_html_head",
        "label": "t:global20240603122814.label_955",
        "placeholder": "<meta name=\"google-site-verification\" content=\"\"/>",
        "info": "t:global20240603122814.info_956"
      },
      {
        "type": "header",
        "content": "t:global20240603122814.content_957"
      },
      {
        "type": "paragraph",
        "content": "t:global20240603122814.content_958"
      }
    ]
  }
]